1.43976528589	1.43976528589	1.43976528589	1.43976528589	1.43976528589	1.43976528589	1.43976528589
1.43171666679	1.43171666679	1.43171666679	1.43171666679	1.43171666679	1.43171666679	1.43171666679
1.43048266156	1.43048266156	1.43048266156	1.43048266156	1.43048266156	1.43048266156	1.43048266156
1.42732181951	1.42732181951	1.42732181951	1.42732181951	1.42732181951	1.42732181951	1.42732181951
1.43949590313	1.43949590313	1.43949590313	1.43949590313	1.43949590313	1.43949590313	1.43949590313
1.44521614426	1.44521614426	1.44521614426	1.44521614426	1.44521614426	1.44521614426	1.44521614426
1.44711886755	1.44711886755	1.44711886755	1.44711886755	1.44711886755	1.44711886755	1.44711886755
1.44062759407	1.44062759407	1.44062759407	1.44062759407	1.44062759407	1.44062759407	1.44062759407
1.43903737208	1.43903737208	1.43903737208	1.43903737208	1.43903737208	1.43903737208	1.43903737208
1.43888413913	1.43888413913	1.43888413913	1.43888413913	1.43888413913	1.43888413913	1.43888413913
1.43582420691	1.43582420691	1.43582420691	1.43582420691	1.43582420691	1.43582420691	1.43582420691
1.44086774841	1.44086774841	1.44086774841	1.44086774841	1.44086774841	1.44086774841	1.44086774841
1.4438784667	1.4438784667	1.4438784667	1.4438784667	1.4438784667	1.4438784667	1.4438784667
1.44653603473	1.44653603473	1.44653603473	1.44653603473	1.44653603473	1.44653603473	1.44653603473
1.44774958366	1.44774958366	1.44774958366	1.44774958366	1.44774958366	1.44774958366	1.44774958366
1.44258874616	1.44258874616	1.44258874616	1.44258874616	1.44258874616	1.44258874616	1.44258874616
1.44516013564	1.44516013564	1.44516013564	1.44516013564	1.44516013564	1.44516013564	1.44516013564
1.44137591156	1.44137591156	1.44137591156	1.44137591156	1.44137591156	1.44137591156	1.44137591156
1.44838062829	1.44838062829	1.44838062829	1.44838062829	1.44838062829	1.44838062829	1.44838062829
1.45360516295	1.45360516295	1.45360516295	1.45360516295	1.45360516295	1.45360516295	1.45360516295
1.44522431047	1.44522431047	1.44522431047	1.44522431047	1.44522431047	1.44522431047	1.44522431047
1.45202529529	1.45202529529	1.45202529529	1.45202529529	1.45202529529	1.45202529529	1.45202529529
1.45524072632	1.45524072632	1.45524072632	1.45524072632	1.45524072632	1.45524072632	1.45524072632
1.45857804904	1.45857804904	1.45857804904	1.45857804904	1.45857804904	1.45857804904	1.45857804904
1.46177326221	1.46177326221	1.46177326221	1.46177326221	1.46177326221	1.46177326221	1.46177326221
1.46047909308	1.46047909308	1.46047909308	1.46047909308	1.46047909308	1.46047909308	1.46047909308
1.4619372578	1.4619372578	1.4619372578	1.4619372578	1.4619372578	1.4619372578	1.4619372578
1.45615042813	1.45615042813	1.45615042813	1.45615042813	1.45615042813	1.45615042813	1.45615042813
1.45276215387	1.45276215387	1.45276215387	1.45276215387	1.45276215387	1.45276215387	1.45276215387
1.46224096192	1.46224096192	1.46224096192	1.46224096192	1.46224096192	1.46224096192	1.46224096192
1.4525223697	1.4525223697	1.4525223697	1.4525223697	1.4525223697	1.4525223697	1.4525223697
1.45505334963	1.45505334963	1.45505334963	1.45505334963	1.45505334963	1.45505334963	1.45505334963
1.45742252674	1.45742252674	1.45742252674	1.45742252674	1.45742252674	1.45742252674	1.45742252674
1.4521570494	1.4521570494	1.4521570494	1.4521570494	1.4521570494	1.4521570494	1.4521570494
1.45293225517	1.45293225517	1.45293225517	1.45293225517	1.45293225517	1.45293225517	1.45293225517
1.46157880837	1.46157880837	1.46157880837	1.46157880837	1.46157880837	1.46157880837	1.46157880837
1.46472367833	1.46472367833	1.46472367833	1.46472367833	1.46472367833	1.46472367833	1.46472367833
1.45729675608	1.45729675608	1.45729675608	1.45729675608	1.45729675608	1.45729675608	1.45729675608
1.45706657147	1.45706657147	1.45706657147	1.45706657147	1.45706657147	1.45706657147	1.45706657147
1.46216638799	1.46216638799	1.46216638799	1.46216638799	1.46216638799	1.46216638799	1.46216638799
1.46331113655	1.46331113655	1.46331113655	1.46331113655	1.46331113655	1.46331113655	1.46331113655
1.45946179873	1.45946179873	1.45946179873	1.45946179873	1.45946179873	1.45946179873	1.45946179873
1.4682079644	1.4682079644	1.4682079644	1.4682079644	1.4682079644	1.4682079644	1.4682079644
1.46762497642	1.46762497642	1.46762497642	1.46762497642	1.46762497642	1.46762497642	1.46762497642
1.46598695914	1.46598695914	1.46598695914	1.46598695914	1.46598695914	1.46598695914	1.46598695914
1.46718408805	1.46718408805	1.46718408805	1.46718408805	1.46718408805	1.46718408805	1.46718408805
1.45475878231	1.45475878231	1.45475878231	1.45475878231	1.45475878231	1.45475878231	1.45475878231
1.44534793197	1.44534793197	1.44534793197	1.44534793197	1.44534793197	1.44534793197	1.44534793197
1.43875246677	1.43875246677	1.43875246677	1.43875246677	1.43875246677	1.43875246677	1.43875246677
1.44617382473	1.44617382473	1.44617382473	1.44617382473	1.44617382473	1.44617382473	1.44617382473
1.44790007685	1.44790007685	1.44790007685	1.44790007685	1.44790007685	1.44790007685	1.44790007685
1.45497670297	1.45497670297	1.45497670297	1.45497670297	1.45497670297	1.45497670297	1.45497670297
1.44987880816	1.44987880816	1.44987880816	1.44987880816	1.44987880816	1.44987880816	1.44987880816
1.45488742227	1.45488742227	1.45488742227	1.45488742227	1.45488742227	1.45488742227	1.45488742227
1.45122817609	1.45122817609	1.45122817609	1.45122817609	1.45122817609	1.45122817609	1.45122817609
1.44876582247	1.44876582247	1.44876582247	1.44876582247	1.44876582247	1.44876582247	1.44876582247
1.45131033779	1.45131033779	1.45131033779	1.45131033779	1.45131033779	1.45131033779	1.45131033779
1.44638038358	1.44638038358	1.44638038358	1.44638038358	1.44638038358	1.44638038358	1.44638038358
1.45354121215	1.45354121215	1.45354121215	1.45354121215	1.45354121215	1.45354121215	1.45354121215
1.45684526166	1.45684526166	1.45684526166	1.45684526166	1.45684526166	1.45684526166	1.45684526166
1.45730456167	1.45730456167	1.45730456167	1.45730456167	1.45730456167	1.45730456167	1.45730456167
1.45603095047	1.45603095047	1.45603095047	1.45603095047	1.45603095047	1.45603095047	1.45603095047
1.45125386268	1.45125386268	1.45125386268	1.45125386268	1.45125386268	1.45125386268	1.45125386268
1.44452739161	1.44452739161	1.44452739161	1.44452739161	1.44452739161	1.44452739161	1.44452739161
1.44140587629	1.44140587629	1.44140587629	1.44140587629	1.44140587629	1.44140587629	1.44140587629
1.44330127982	1.44330127982	1.44330127982	1.44330127982	1.44330127982	1.44330127982	1.44330127982
1.44060423825	1.44060423825	1.44060423825	1.44060423825	1.44060423825	1.44060423825	1.44060423825
1.43938461622	1.43938461622	1.43938461622	1.43938461622	1.43938461622	1.43938461622	1.43938461622
1.44066536808	1.44066536808	1.44066536808	1.44066536808	1.44066536808	1.44066536808	1.44066536808
1.43424980531	1.43424980531	1.43424980531	1.43424980531	1.43424980531	1.43424980531	1.43424980531
1.42609970923	1.42609970923	1.42609970923	1.42609970923	1.42609970923	1.42609970923	1.42609970923
1.41978743755	1.41978743755	1.41978743755	1.41978743755	1.41978743755	1.41978743755	1.41978743755
1.42080504981	1.42080504981	1.42080504981	1.42080504981	1.42080504981	1.42080504981	1.42080504981
1.42532710959	1.42532710959	1.42532710959	1.42532710959	1.42532710959	1.42532710959	1.42532710959
1.42966645438	1.42966645438	1.42966645438	1.42966645438	1.42966645438	1.42966645438	1.42966645438
1.43842372884	1.43842372884	1.43842372884	1.43842372884	1.43842372884	1.43842372884	1.43842372884
1.43823231232	1.43823231232	1.43823231232	1.43823231232	1.43823231232	1.43823231232	1.43823231232
1.44547825326	1.44547825326	1.44547825326	1.44547825326	1.44547825326	1.44547825326	1.44547825326
1.44976672779	1.44976672779	1.44976672779	1.44976672779	1.44976672779	1.44976672779	1.44976672779
1.4559697196	1.4559697196	1.4559697196	1.4559697196	1.4559697196	1.4559697196	1.4559697196
1.45783827681	1.45783827681	1.45783827681	1.45783827681	1.45783827681	1.45783827681	1.45783827681
1.44992193356	1.44992193356	1.44992193356	1.44992193356	1.44992193356	1.44992193356	1.44992193356
1.45525970411	1.45525970411	1.45525970411	1.45525970411	1.45525970411	1.45525970411	1.45525970411
1.45709038007	1.45709038007	1.45709038007	1.45709038007	1.45709038007	1.45709038007	1.45709038007
1.46095981112	1.46095981112	1.46095981112	1.46095981112	1.46095981112	1.46095981112	1.46095981112
1.47061038205	1.47061038205	1.47061038205	1.47061038205	1.47061038205	1.47061038205	1.47061038205
1.47444244822	1.47444244822	1.47444244822	1.47444244822	1.47444244822	1.47444244822	1.47444244822
1.47124597617	1.47124597617	1.47124597617	1.47124597617	1.47124597617	1.47124597617	1.47124597617
1.47888735	1.47888735	1.47888735	1.47888735	1.47888735	1.47888735	1.47888735
1.48171789655	1.48171789655	1.48171789655	1.48171789655	1.48171789655	1.48171789655	1.48171789655
1.47599592068	1.47599592068	1.47599592068	1.47599592068	1.47599592068	1.47599592068	1.47599592068
1.48091776587	1.48091776587	1.48091776587	1.48091776587	1.48091776587	1.48091776587	1.48091776587
1.47638699795	1.47638699795	1.47638699795	1.47638699795	1.47638699795	1.47638699795	1.47638699795
1.47985327525	1.47985327525	1.47985327525	1.47985327525	1.47985327525	1.47985327525	1.47985327525
1.48855931117	1.48855931117	1.48855931117	1.48855931117	1.48855931117	1.48855931117	1.48855931117
1.48828824188	1.48828824188	1.48828824188	1.48828824188	1.48828824188	1.48828824188	1.48828824188
1.48680937244	1.48680937244	1.48680937244	1.48680937244	1.48680937244	1.48680937244	1.48680937244
1.48441092722	1.48441092722	1.48441092722	1.48441092722	1.48441092722	1.48441092722	1.48441092722
1.48595803306	1.48595803306	1.48595803306	1.48595803306	1.48595803306	1.48595803306	1.48595803306
1.48150446142	1.48150446142	1.48150446142	1.48150446142	1.48150446142	1.48150446142	1.48150446142
1.48276297278	1.48276297278	1.48276297278	1.48276297278	1.48276297278	1.48276297278	1.48276297278
1.46820762086	1.46820762086	1.46820762086	1.46820762086	1.46820762086	1.46820762086	1.46820762086
1.46670147042	1.46670147042	1.46670147042	1.46670147042	1.46670147042	1.46670147042	1.46670147042
1.45968605139	1.45968605139	1.45968605139	1.45968605139	1.45968605139	1.45968605139	1.45968605139
1.44868214216	1.44868214216	1.44868214216	1.44868214216	1.44868214216	1.44868214216	1.44868214216
1.44827515247	1.44827515247	1.44827515247	1.44827515247	1.44827515247	1.44827515247	1.44827515247
1.45085906699	1.45085906699	1.45085906699	1.45085906699	1.45085906699	1.45085906699	1.45085906699
1.4537222846	1.4537222846	1.4537222846	1.4537222846	1.4537222846	1.4537222846	1.4537222846
1.45081582133	1.45081582133	1.45081582133	1.45081582133	1.45081582133	1.45081582133	1.45081582133
1.45960879145	1.45960879145	1.45960879145	1.45960879145	1.45960879145	1.45960879145	1.45960879145
1.45877625218	1.45877625218	1.45877625218	1.45877625218	1.45877625218	1.45877625218	1.45877625218
1.45453927852	1.45453927852	1.45453927852	1.45453927852	1.45453927852	1.45453927852	1.45453927852
1.45424505946	1.45424505946	1.45424505946	1.45424505946	1.45424505946	1.45424505946	1.45424505946
1.45926472151	1.45926472151	1.45926472151	1.45926472151	1.45926472151	1.45926472151	1.45926472151
1.45886080819	1.45886080819	1.45886080819	1.45886080819	1.45886080819	1.45886080819	1.45886080819
1.46708239662	1.46708239662	1.46708239662	1.46708239662	1.46708239662	1.46708239662	1.46708239662
1.4642475317	1.4642475317	1.4642475317	1.4642475317	1.4642475317	1.4642475317	1.4642475317
1.47360791826	1.47360791826	1.47360791826	1.47360791826	1.47360791826	1.47360791826	1.47360791826
1.46644737904	1.46644737904	1.46644737904	1.46644737904	1.46644737904	1.46644737904	1.46644737904
1.47387743196	1.47387743196	1.47387743196	1.47387743196	1.47387743196	1.47387743196	1.47387743196
1.48060888842	1.48060888842	1.48060888842	1.48060888842	1.48060888842	1.48060888842	1.48060888842
1.47761210886	1.47761210886	1.47761210886	1.47761210886	1.47761210886	1.47761210886	1.47761210886
1.46982372461	1.46982372461	1.46982372461	1.46982372461	1.46982372461	1.46982372461	1.46982372461
1.46683751005	1.46683751005	1.46683751005	1.46683751005	1.46683751005	1.46683751005	1.46683751005
1.46501560456	1.46501560456	1.46501560456	1.46501560456	1.46501560456	1.46501560456	1.46501560456
1.46354004235	1.46354004235	1.46354004235	1.46354004235	1.46354004235	1.46354004235	1.46354004235
1.45801606192	1.45801606192	1.45801606192	1.45801606192	1.45801606192	1.45801606192	1.45801606192
1.45862055974	1.45862055974	1.45862055974	1.45862055974	1.45862055974	1.45862055974	1.45862055974
1.46360562232	1.46360562232	1.46360562232	1.46360562232	1.46360562232	1.46360562232	1.46360562232
1.46474537297	1.46474537297	1.46474537297	1.46474537297	1.46474537297	1.46474537297	1.46474537297
1.47634583537	1.47634583537	1.47634583537	1.47634583537	1.47634583537	1.47634583537	1.47634583537
1.47697006761	1.47697006761	1.47697006761	1.47697006761	1.47697006761	1.47697006761	1.47697006761
1.47731408052	1.47731408052	1.47731408052	1.47731408052	1.47731408052	1.47731408052	1.47731408052
1.47934862314	1.47934862314	1.47934862314	1.47934862314	1.47934862314	1.47934862314	1.47934862314
1.48262230992	1.48262230992	1.48262230992	1.48262230992	1.48262230992	1.48262230992	1.48262230992
1.4864691978	1.4864691978	1.4864691978	1.4864691978	1.4864691978	1.4864691978	1.4864691978
1.49024789845	1.49024789845	1.49024789845	1.49024789845	1.49024789845	1.49024789845	1.49024789845
1.49427642262	1.49427642262	1.49427642262	1.49427642262	1.49427642262	1.49427642262	1.49427642262
1.50141604712	1.50141604712	1.50141604712	1.50141604712	1.50141604712	1.50141604712	1.50141604712
1.49961599635	1.49961599635	1.49961599635	1.49961599635	1.49961599635	1.49961599635	1.49961599635
1.49070178616	1.49070178616	1.49070178616	1.49070178616	1.49070178616	1.49070178616	1.49070178616
1.49175900631	1.49175900631	1.49175900631	1.49175900631	1.49175900631	1.49175900631	1.49175900631
1.4949925813	1.4949925813	1.4949925813	1.4949925813	1.4949925813	1.4949925813	1.4949925813
1.48081393133	1.48081393133	1.48081393133	1.48081393133	1.48081393133	1.48081393133	1.48081393133
1.47722936016	1.47722936016	1.47722936016	1.47722936016	1.47722936016	1.47722936016	1.47722936016
1.47335517998	1.47335517998	1.47335517998	1.47335517998	1.47335517998	1.47335517998	1.47335517998
1.48109327207	1.48109327207	1.48109327207	1.48109327207	1.48109327207	1.48109327207	1.48109327207
1.4788360617	1.4788360617	1.4788360617	1.4788360617	1.4788360617	1.4788360617	1.4788360617
1.47850888571	1.47850888571	1.47850888571	1.47850888571	1.47850888571	1.47850888571	1.47850888571
1.48928899369	1.48928899369	1.48928899369	1.48928899369	1.48928899369	1.48928899369	1.48928899369
1.4895422167	1.4895422167	1.4895422167	1.4895422167	1.4895422167	1.4895422167	1.4895422167
1.48381758179	1.48381758179	1.48381758179	1.48381758179	1.48381758179	1.48381758179	1.48381758179
1.47458484681	1.47458484681	1.47458484681	1.47458484681	1.47458484681	1.47458484681	1.47458484681
1.47316716422	1.47316716422	1.47316716422	1.47316716422	1.47316716422	1.47316716422	1.47316716422
1.46970072356	1.46970072356	1.46970072356	1.46970072356	1.46970072356	1.46970072356	1.46970072356
1.46559414245	1.46559414245	1.46559414245	1.46559414245	1.46559414245	1.46559414245	1.46559414245
1.46221446089	1.46221446089	1.46221446089	1.46221446089	1.46221446089	1.46221446089	1.46221446089
1.45890798625	1.45890798625	1.45890798625	1.45890798625	1.45890798625	1.45890798625	1.45890798625
1.45696613389	1.45696613389	1.45696613389	1.45696613389	1.45696613389	1.45696613389	1.45696613389
1.45245512126	1.45245512126	1.45245512126	1.45245512126	1.45245512126	1.45245512126	1.45245512126
1.45447562038	1.45447562038	1.45447562038	1.45447562038	1.45447562038	1.45447562038	1.45447562038
1.4484065067	1.4484065067	1.4484065067	1.4484065067	1.4484065067	1.4484065067	1.4484065067
1.44785389448	1.44785389448	1.44785389448	1.44785389448	1.44785389448	1.44785389448	1.44785389448
1.43630297602	1.43630297602	1.43630297602	1.43630297602	1.43630297602	1.43630297602	1.43630297602
1.44822272232	1.44822272232	1.44822272232	1.44822272232	1.44822272232	1.44822272232	1.44822272232
1.46127914537	1.46127914537	1.46127914537	1.46127914537	1.46127914537	1.46127914537	1.46127914537
1.46777281664	1.46777281664	1.46777281664	1.46777281664	1.46777281664	1.46777281664	1.46777281664
1.46900737894	1.46900737894	1.46900737894	1.46900737894	1.46900737894	1.46900737894	1.46900737894
1.47219165183	1.47219165183	1.47219165183	1.47219165183	1.47219165183	1.47219165183	1.47219165183
1.47380353921	1.47380353921	1.47380353921	1.47380353921	1.47380353921	1.47380353921	1.47380353921
1.46790973559	1.46790973559	1.46790973559	1.46790973559	1.46790973559	1.46790973559	1.46790973559
1.47437610557	1.47437610557	1.47437610557	1.47437610557	1.47437610557	1.47437610557	1.47437610557
1.47013515873	1.47013515873	1.47013515873	1.47013515873	1.47013515873	1.47013515873	1.47013515873
1.472221359	1.472221359	1.472221359	1.472221359	1.472221359	1.472221359	1.472221359
1.46540498049	1.46540498049	1.46540498049	1.46540498049	1.46540498049	1.46540498049	1.46540498049
1.46544577389	1.46544577389	1.46544577389	1.46544577389	1.46544577389	1.46544577389	1.46544577389
1.46439375096	1.46439375096	1.46439375096	1.46439375096	1.46439375096	1.46439375096	1.46439375096
1.46700494054	1.46700494054	1.46700494054	1.46700494054	1.46700494054	1.46700494054	1.46700494054
1.46201509857	1.46201509857	1.46201509857	1.46201509857	1.46201509857	1.46201509857	1.46201509857
1.45197038026	1.45197038026	1.45197038026	1.45197038026	1.45197038026	1.45197038026	1.45197038026
1.46370187711	1.46370187711	1.46370187711	1.46370187711	1.46370187711	1.46370187711	1.46370187711
1.46367323212	1.46367323212	1.46367323212	1.46367323212	1.46367323212	1.46367323212	1.46367323212
1.46974519926	1.46974519926	1.46974519926	1.46974519926	1.46974519926	1.46974519926	1.46974519926
1.46963153963	1.46963153963	1.46963153963	1.46963153963	1.46963153963	1.46963153963	1.46963153963
1.47304532002	1.47304532002	1.47304532002	1.47304532002	1.47304532002	1.47304532002	1.47304532002
1.46903708987	1.46903708987	1.46903708987	1.46903708987	1.46903708987	1.46903708987	1.46903708987
1.47357939249	1.47357939249	1.47357939249	1.47357939249	1.47357939249	1.47357939249	1.47357939249
1.47760871594	1.47760871594	1.47760871594	1.47760871594	1.47760871594	1.47760871594	1.47760871594
1.48194372314	1.48194372314	1.48194372314	1.48194372314	1.48194372314	1.48194372314	1.48194372314
1.47147326662	1.47147326662	1.47147326662	1.47147326662	1.47147326662	1.47147326662	1.47147326662
1.46903912144	1.46903912144	1.46903912144	1.46903912144	1.46903912144	1.46903912144	1.46903912144
1.47795683542	1.47795683542	1.47795683542	1.47795683542	1.47795683542	1.47795683542	1.47795683542
1.47971547315	1.47971547315	1.47971547315	1.47971547315	1.47971547315	1.47971547315	1.47971547315
1.49069974975	1.49069974975	1.49069974975	1.49069974975	1.49069974975	1.49069974975	1.49069974975
1.49305830379	1.49305830379	1.49305830379	1.49305830379	1.49305830379	1.49305830379	1.49305830379
1.49533427389	1.49533427389	1.49533427389	1.49533427389	1.49533427389	1.49533427389	1.49533427389
1.50007422867	1.50007422867	1.50007422867	1.50007422867	1.50007422867	1.50007422867	1.50007422867
1.50236352263	1.50236352263	1.50236352263	1.50236352263	1.50236352263	1.50236352263	1.50236352263
1.5027513002	1.5027513002	1.5027513002	1.5027513002	1.5027513002	1.5027513002	1.5027513002
1.49845724122	1.49845724122	1.49845724122	1.49845724122	1.49845724122	1.49845724122	1.49845724122
1.50170945276	1.50170945276	1.50170945276	1.50170945276	1.50170945276	1.50170945276	1.50170945276
1.4974430398	1.4974430398	1.4974430398	1.4974430398	1.4974430398	1.4974430398	1.4974430398
1.50074119958	1.50074119958	1.50074119958	1.50074119958	1.50074119958	1.50074119958	1.50074119958
1.50601446327	1.50601446327	1.50601446327	1.50601446327	1.50601446327	1.50601446327	1.50601446327
1.51145770719	1.51145770719	1.51145770719	1.51145770719	1.51145770719	1.51145770719	1.51145770719
1.51637774752	1.51637774752	1.51637774752	1.51637774752	1.51637774752	1.51637774752	1.51637774752
1.51359268836	1.51359268836	1.51359268836	1.51359268836	1.51359268836	1.51359268836	1.51359268836
1.51566223715	1.51566223715	1.51566223715	1.51566223715	1.51566223715	1.51566223715	1.51566223715
1.52345437283	1.52345437283	1.52345437283	1.52345437283	1.52345437283	1.52345437283	1.52345437283
1.52333300402	1.52333300402	1.52333300402	1.52333300402	1.52333300402	1.52333300402	1.52333300402
1.5206560272	1.5206560272	1.5206560272	1.5206560272	1.5206560272	1.5206560272	1.5206560272
1.52049138158	1.52049138158	1.52049138158	1.52049138158	1.52049138158	1.52049138158	1.52049138158
1.51851763644	1.51851763644	1.51851763644	1.51851763644	1.51851763644	1.51851763644	1.51851763644
1.52141781948	1.52141781948	1.52141781948	1.52141781948	1.52141781948	1.52141781948	1.52141781948
1.51955495541	1.51955495541	1.51955495541	1.51955495541	1.51955495541	1.51955495541	1.51955495541
1.51505788072	1.51505788072	1.51505788072	1.51505788072	1.51505788072	1.51505788072	1.51505788072
1.51590893548	1.51590893548	1.51590893548	1.51590893548	1.51590893548	1.51590893548	1.51590893548
1.52417587361	1.52417587361	1.52417587361	1.52417587361	1.52417587361	1.52417587361	1.52417587361
1.52008165912	1.52008165912	1.52008165912	1.52008165912	1.52008165912	1.52008165912	1.52008165912
1.51987238019	1.51987238019	1.51987238019	1.51987238019	1.51987238019	1.51987238019	1.51987238019
1.52670716379	1.52670716379	1.52670716379	1.52670716379	1.52670716379	1.52670716379	1.52670716379
1.53170068192	1.53170068192	1.53170068192	1.53170068192	1.53170068192	1.53170068192	1.53170068192
1.53930858655	1.53930858655	1.53930858655	1.53930858655	1.53930858655	1.53930858655	1.53930858655
1.5409388763	1.5409388763	1.5409388763	1.5409388763	1.5409388763	1.5409388763	1.5409388763
1.53182419182	1.53182419182	1.53182419182	1.53182419182	1.53182419182	1.53182419182	1.53182419182
1.53250636254	1.53250636254	1.53250636254	1.53250636254	1.53250636254	1.53250636254	1.53250636254
1.53135840927	1.53135840927	1.53135840927	1.53135840927	1.53135840927	1.53135840927	1.53135840927
1.53596701868	1.53596701868	1.53596701868	1.53596701868	1.53596701868	1.53596701868	1.53596701868
1.52944690483	1.52944690483	1.52944690483	1.52944690483	1.52944690483	1.52944690483	1.52944690483
1.53114915212	1.53114915212	1.53114915212	1.53114915212	1.53114915212	1.53114915212	1.53114915212
1.52167485738	1.52167485738	1.52167485738	1.52167485738	1.52167485738	1.52167485738	1.52167485738
1.52408405153	1.52408405153	1.52408405153	1.52408405153	1.52408405153	1.52408405153	1.52408405153
1.5302804581	1.5302804581	1.5302804581	1.5302804581	1.5302804581	1.5302804581	1.5302804581
1.52795709412	1.52795709412	1.52795709412	1.52795709412	1.52795709412	1.52795709412	1.52795709412
1.52457770234	1.52457770234	1.52457770234	1.52457770234	1.52457770234	1.52457770234	1.52457770234
1.52862527481	1.52862527481	1.52862527481	1.52862527481	1.52862527481	1.52862527481	1.52862527481
1.52958408496	1.52958408496	1.52958408496	1.52958408496	1.52958408496	1.52958408496	1.52958408496
1.52513811603	1.52513811603	1.52513811603	1.52513811603	1.52513811603	1.52513811603	1.52513811603
1.52700694849	1.52700694849	1.52700694849	1.52700694849	1.52700694849	1.52700694849	1.52700694849
1.53321535364	1.53321535364	1.53321535364	1.53321535364	1.53321535364	1.53321535364	1.53321535364
1.53801594234	1.53801594234	1.53801594234	1.53801594234	1.53801594234	1.53801594234	1.53801594234
1.53677088837	1.53677088837	1.53677088837	1.53677088837	1.53677088837	1.53677088837	1.53677088837
1.54179462471	1.54179462471	1.54179462471	1.54179462471	1.54179462471	1.54179462471	1.54179462471
1.54262470013	1.54262470013	1.54262470013	1.54262470013	1.54262470013	1.54262470013	1.54262470013
1.53504675756	1.53504675756	1.53504675756	1.53504675756	1.53504675756	1.53504675756	1.53504675756
1.53283861071	1.53283861071	1.53283861071	1.53283861071	1.53283861071	1.53283861071	1.53283861071
1.53848980944	1.53848980944	1.53848980944	1.53848980944	1.53848980944	1.53848980944	1.53848980944
1.53218418116	1.53218418116	1.53218418116	1.53218418116	1.53218418116	1.53218418116	1.53218418116
1.53291948726	1.53291948726	1.53291948726	1.53291948726	1.53291948726	1.53291948726	1.53291948726
1.54052577929	1.54052577929	1.54052577929	1.54052577929	1.54052577929	1.54052577929	1.54052577929
1.53220639418	1.53220639418	1.53220639418	1.53220639418	1.53220639418	1.53220639418	1.53220639418
1.5261316212	1.5261316212	1.5261316212	1.5261316212	1.5261316212	1.5261316212	1.5261316212
1.52600990427	1.52600990427	1.52600990427	1.52600990427	1.52600990427	1.52600990427	1.52600990427
1.52263427321	1.52263427321	1.52263427321	1.52263427321	1.52263427321	1.52263427321	1.52263427321
1.5248681135	1.5248681135	1.5248681135	1.5248681135	1.5248681135	1.5248681135	1.5248681135
1.53007700027	1.53007700027	1.53007700027	1.53007700027	1.53007700027	1.53007700027	1.53007700027
1.51729719858	1.51729719858	1.51729719858	1.51729719858	1.51729719858	1.51729719858	1.51729719858
1.51663984982	1.51663984982	1.51663984982	1.51663984982	1.51663984982	1.51663984982	1.51663984982
1.50457458669	1.50457458669	1.50457458669	1.50457458669	1.50457458669	1.50457458669	1.50457458669
1.51473417776	1.51473417776	1.51473417776	1.51473417776	1.51473417776	1.51473417776	1.51473417776
1.52430302518	1.52430302518	1.52430302518	1.52430302518	1.52430302518	1.52430302518	1.52430302518
1.52706401564	1.52706401564	1.52706401564	1.52706401564	1.52706401564	1.52706401564	1.52706401564
1.53176003137	1.53176003137	1.53176003137	1.53176003137	1.53176003137	1.53176003137	1.53176003137
1.52539230722	1.52539230722	1.52539230722	1.52539230722	1.52539230722	1.52539230722	1.52539230722
1.51863207693	1.51863207693	1.51863207693	1.51863207693	1.51863207693	1.51863207693	1.51863207693
1.51478955982	1.51478955982	1.51478955982	1.51478955982	1.51478955982	1.51478955982	1.51478955982
1.51916417172	1.51916417172	1.51916417172	1.51916417172	1.51916417172	1.51916417172	1.51916417172
1.50768573756	1.50768573756	1.50768573756	1.50768573756	1.50768573756	1.50768573756	1.50768573756
1.50597721242	1.50597721242	1.50597721242	1.50597721242	1.50597721242	1.50597721242	1.50597721242
1.50884775973	1.50884775973	1.50884775973	1.50884775973	1.50884775973	1.50884775973	1.50884775973
1.50256242483	1.50256242483	1.50256242483	1.50256242483	1.50256242483	1.50256242483	1.50256242483
1.498395703	1.498395703	1.498395703	1.498395703	1.498395703	1.498395703	1.498395703
1.50823182159	1.50823182159	1.50823182159	1.50823182159	1.50823182159	1.50823182159	1.50823182159
1.50205398492	1.50205398492	1.50205398492	1.50205398492	1.50205398492	1.50205398492	1.50205398492
1.50306477805	1.50306477805	1.50306477805	1.50306477805	1.50306477805	1.50306477805	1.50306477805
1.51130211616	1.51130211616	1.51130211616	1.51130211616	1.51130211616	1.51130211616	1.51130211616
1.51123062656	1.51123062656	1.51123062656	1.51123062656	1.51123062656	1.51123062656	1.51123062656
1.51581459815	1.51581459815	1.51581459815	1.51581459815	1.51581459815	1.51581459815	1.51581459815
1.51898201967	1.51898201967	1.51898201967	1.51898201967	1.51898201967	1.51898201967	1.51898201967
1.51865058391	1.51865058391	1.51865058391	1.51865058391	1.51865058391	1.51865058391	1.51865058391
1.51575498674	1.51575498674	1.51575498674	1.51575498674	1.51575498674	1.51575498674	1.51575498674
1.51250362438	1.51250362438	1.51250362438	1.51250362438	1.51250362438	1.51250362438	1.51250362438
1.51270955552	1.51270955552	1.51270955552	1.51270955552	1.51270955552	1.51270955552	1.51270955552
1.51069020624	1.51069020624	1.51069020624	1.51069020624	1.51069020624	1.51069020624	1.51069020624
1.51215182068	1.51215182068	1.51215182068	1.51215182068	1.51215182068	1.51215182068	1.51215182068
1.50259098936	1.50259098936	1.50259098936	1.50259098936	1.50259098936	1.50259098936	1.50259098936
1.51263626795	1.51263626795	1.51263626795	1.51263626795	1.51263626795	1.51263626795	1.51263626795
1.51242257649	1.51242257649	1.51242257649	1.51242257649	1.51242257649	1.51242257649	1.51242257649
1.51584398585	1.51584398585	1.51584398585	1.51584398585	1.51584398585	1.51584398585	1.51584398585
1.51843109961	1.51843109961	1.51843109961	1.51843109961	1.51843109961	1.51843109961	1.51843109961
1.52113584408	1.52113584408	1.52113584408	1.52113584408	1.52113584408	1.52113584408	1.52113584408
1.5245310856	1.5245310856	1.5245310856	1.5245310856	1.5245310856	1.5245310856	1.5245310856
1.52390743963	1.52390743963	1.52390743963	1.52390743963	1.52390743963	1.52390743963	1.52390743963
1.52399057486	1.52399057486	1.52399057486	1.52399057486	1.52399057486	1.52399057486	1.52399057486
1.52827341893	1.52827341893	1.52827341893	1.52827341893	1.52827341893	1.52827341893	1.52827341893
1.53252097602	1.53252097602	1.53252097602	1.53252097602	1.53252097602	1.53252097602	1.53252097602
1.53353479559	1.53353479559	1.53353479559	1.53353479559	1.53353479559	1.53353479559	1.53353479559
1.53786078957	1.53786078957	1.53786078957	1.53786078957	1.53786078957	1.53786078957	1.53786078957
1.53890555263	1.53890555263	1.53890555263	1.53890555263	1.53890555263	1.53890555263	1.53890555263
1.53121282473	1.53121282473	1.53121282473	1.53121282473	1.53121282473	1.53121282473	1.53121282473
1.52899336551	1.52899336551	1.52899336551	1.52899336551	1.52899336551	1.52899336551	1.52899336551
1.52597172914	1.52597172914	1.52597172914	1.52597172914	1.52597172914	1.52597172914	1.52597172914
1.52930467866	1.52930467866	1.52930467866	1.52930467866	1.52930467866	1.52930467866	1.52930467866
1.53200167545	1.53200167545	1.53200167545	1.53200167545	1.53200167545	1.53200167545	1.53200167545
1.52601763527	1.52601763527	1.52601763527	1.52601763527	1.52601763527	1.52601763527	1.52601763527
1.51763724001	1.51763724001	1.51763724001	1.51763724001	1.51763724001	1.51763724001	1.51763724001
1.52020882399	1.52020882399	1.52020882399	1.52020882399	1.52020882399	1.52020882399	1.52020882399
1.51770467839	1.51770467839	1.51770467839	1.51770467839	1.51770467839	1.51770467839	1.51770467839
1.52320205768	1.52320205768	1.52320205768	1.52320205768	1.52320205768	1.52320205768	1.52320205768
1.52813541348	1.52813541348	1.52813541348	1.52813541348	1.52813541348	1.52813541348	1.52813541348
1.52297077031	1.52297077031	1.52297077031	1.52297077031	1.52297077031	1.52297077031	1.52297077031
1.52286693859	1.52286693859	1.52286693859	1.52286693859	1.52286693859	1.52286693859	1.52286693859
1.53219117345	1.53219117345	1.53219117345	1.53219117345	1.53219117345	1.53219117345	1.53219117345
1.53405251531	1.53405251531	1.53405251531	1.53405251531	1.53405251531	1.53405251531	1.53405251531
1.53538439778	1.53538439778	1.53538439778	1.53538439778	1.53538439778	1.53538439778	1.53538439778
1.53321448251	1.53321448251	1.53321448251	1.53321448251	1.53321448251	1.53321448251	1.53321448251
1.53129328984	1.53129328984	1.53129328984	1.53129328984	1.53129328984	1.53129328984	1.53129328984
1.53035563312	1.53035563312	1.53035563312	1.53035563312	1.53035563312	1.53035563312	1.53035563312
1.52989170107	1.52989170107	1.52989170107	1.52989170107	1.52989170107	1.52989170107	1.52989170107
1.53505696838	1.53505696838	1.53505696838	1.53505696838	1.53505696838	1.53505696838	1.53505696838
1.5343100044	1.5343100044	1.5343100044	1.5343100044	1.5343100044	1.5343100044	1.5343100044
1.53794921754	1.53794921754	1.53794921754	1.53794921754	1.53794921754	1.53794921754	1.53794921754
1.53863430012	1.53863430012	1.53863430012	1.53863430012	1.53863430012	1.53863430012	1.53863430012
1.53998199999	1.53998199999	1.53998199999	1.53998199999	1.53998199999	1.53998199999	1.53998199999
1.53583752371	1.53583752371	1.53583752371	1.53583752371	1.53583752371	1.53583752371	1.53583752371
1.52296792946	1.52296792946	1.52296792946	1.52296792946	1.52296792946	1.52296792946	1.52296792946
1.51861678733	1.51861678733	1.51861678733	1.51861678733	1.51861678733	1.51861678733	1.51861678733
1.52764623217	1.52764623217	1.52764623217	1.52764623217	1.52764623217	1.52764623217	1.52764623217
1.54148206803	1.54148206803	1.54148206803	1.54148206803	1.54148206803	1.54148206803	1.54148206803
1.54108716293	1.54108716293	1.54108716293	1.54108716293	1.54108716293	1.54108716293	1.54108716293
1.54674588722	1.54674588722	1.54674588722	1.54674588722	1.54674588722	1.54674588722	1.54674588722
1.55294534783	1.55294534783	1.55294534783	1.55294534783	1.55294534783	1.55294534783	1.55294534783
1.54826596422	1.54826596422	1.54826596422	1.54826596422	1.54826596422	1.54826596422	1.54826596422
1.54644291724	1.54644291724	1.54644291724	1.54644291724	1.54644291724	1.54644291724	1.54644291724
1.5539760895	1.5539760895	1.5539760895	1.5539760895	1.5539760895	1.5539760895	1.5539760895
1.55001724894	1.55001724894	1.55001724894	1.55001724894	1.55001724894	1.55001724894	1.55001724894
1.55277555503	1.55277555503	1.55277555503	1.55277555503	1.55277555503	1.55277555503	1.55277555503
1.55214569138	1.55214569138	1.55214569138	1.55214569138	1.55214569138	1.55214569138	1.55214569138
1.55382350893	1.55382350893	1.55382350893	1.55382350893	1.55382350893	1.55382350893	1.55382350893
1.55150267544	1.55150267544	1.55150267544	1.55150267544	1.55150267544	1.55150267544	1.55150267544
1.55966420407	1.55966420407	1.55966420407	1.55966420407	1.55966420407	1.55966420407	1.55966420407
1.55500006138	1.55500006138	1.55500006138	1.55500006138	1.55500006138	1.55500006138	1.55500006138
1.54547894881	1.54547894881	1.54547894881	1.54547894881	1.54547894881	1.54547894881	1.54547894881
1.53814701635	1.53814701635	1.53814701635	1.53814701635	1.53814701635	1.53814701635	1.53814701635
1.5409817489	1.5409817489	1.5409817489	1.5409817489	1.5409817489	1.5409817489	1.5409817489
1.53661109175	1.53661109175	1.53661109175	1.53661109175	1.53661109175	1.53661109175	1.53661109175
1.53144472715	1.53144472715	1.53144472715	1.53144472715	1.53144472715	1.53144472715	1.53144472715
1.53483508907	1.53483508907	1.53483508907	1.53483508907	1.53483508907	1.53483508907	1.53483508907
1.53095796583	1.53095796583	1.53095796583	1.53095796583	1.53095796583	1.53095796583	1.53095796583
1.52265034656	1.52265034656	1.52265034656	1.52265034656	1.52265034656	1.52265034656	1.52265034656
1.52316323192	1.52316323192	1.52316323192	1.52316323192	1.52316323192	1.52316323192	1.52316323192
1.52130277731	1.52130277731	1.52130277731	1.52130277731	1.52130277731	1.52130277731	1.52130277731
1.52941323684	1.52941323684	1.52941323684	1.52941323684	1.52941323684	1.52941323684	1.52941323684
1.53227579923	1.53227579923	1.53227579923	1.53227579923	1.53227579923	1.53227579923	1.53227579923
1.53291026482	1.53291026482	1.53291026482	1.53291026482	1.53291026482	1.53291026482	1.53291026482
1.52682424803	1.52682424803	1.52682424803	1.52682424803	1.52682424803	1.52682424803	1.52682424803
1.53543373681	1.53543373681	1.53543373681	1.53543373681	1.53543373681	1.53543373681	1.53543373681
1.53785795422	1.53785795422	1.53785795422	1.53785795422	1.53785795422	1.53785795422	1.53785795422
1.5362391799	1.5362391799	1.5362391799	1.5362391799	1.5362391799	1.5362391799	1.5362391799
1.54336632671	1.54336632671	1.54336632671	1.54336632671	1.54336632671	1.54336632671	1.54336632671
1.54456167008	1.54456167008	1.54456167008	1.54456167008	1.54456167008	1.54456167008	1.54456167008
1.54851756228	1.54851756228	1.54851756228	1.54851756228	1.54851756228	1.54851756228	1.54851756228
1.55536313485	1.55536313485	1.55536313485	1.55536313485	1.55536313485	1.55536313485	1.55536313485
1.57033010264	1.57033010264	1.57033010264	1.57033010264	1.57033010264	1.57033010264	1.57033010264
1.57306440224	1.57306440224	1.57306440224	1.57306440224	1.57306440224	1.57306440224	1.57306440224
1.5556724367	1.5556724367	1.5556724367	1.5556724367	1.5556724367	1.5556724367	1.5556724367
1.55293395118	1.55293395118	1.55293395118	1.55293395118	1.55293395118	1.55293395118	1.55293395118
1.55971182724	1.55971182724	1.55971182724	1.55971182724	1.55971182724	1.55971182724	1.55971182724
1.57089238263	1.57089238263	1.57089238263	1.57089238263	1.57089238263	1.57089238263	1.57089238263
1.56654852176	1.56654852176	1.56654852176	1.56654852176	1.56654852176	1.56654852176	1.56654852176
1.56189106742	1.56189106742	1.56189106742	1.56189106742	1.56189106742	1.56189106742	1.56189106742
1.57471706444	1.57471706444	1.57471706444	1.57471706444	1.57471706444	1.57471706444	1.57471706444
1.56326710806	1.56326710806	1.56326710806	1.56326710806	1.56326710806	1.56326710806	1.56326710806
1.56183289989	1.56183289989	1.56183289989	1.56183289989	1.56183289989	1.56183289989	1.56183289989
1.56395512924	1.56395512924	1.56395512924	1.56395512924	1.56395512924	1.56395512924	1.56395512924
1.56001604295	1.56001604295	1.56001604295	1.56001604295	1.56001604295	1.56001604295	1.56001604295
1.54947345411	1.54947345411	1.54947345411	1.54947345411	1.54947345411	1.54947345411	1.54947345411
1.55246359051	1.55246359051	1.55246359051	1.55246359051	1.55246359051	1.55246359051	1.55246359051
1.55447212423	1.55447212423	1.55447212423	1.55447212423	1.55447212423	1.55447212423	1.55447212423
1.54813839434	1.54813839434	1.54813839434	1.54813839434	1.54813839434	1.54813839434	1.54813839434
1.54550994181	1.54550994181	1.54550994181	1.54550994181	1.54550994181	1.54550994181	1.54550994181
1.54432652529	1.54432652529	1.54432652529	1.54432652529	1.54432652529	1.54432652529	1.54432652529
1.53837065437	1.53837065437	1.53837065437	1.53837065437	1.53837065437	1.53837065437	1.53837065437
1.53875561799	1.53875561799	1.53875561799	1.53875561799	1.53875561799	1.53875561799	1.53875561799
1.5426900138	1.5426900138	1.5426900138	1.5426900138	1.5426900138	1.5426900138	1.5426900138
1.54246618698	1.54246618698	1.54246618698	1.54246618698	1.54246618698	1.54246618698	1.54246618698
1.54380521106	1.54380521106	1.54380521106	1.54380521106	1.54380521106	1.54380521106	1.54380521106
1.54391268996	1.54391268996	1.54391268996	1.54391268996	1.54391268996	1.54391268996	1.54391268996
1.54249313084	1.54249313084	1.54249313084	1.54249313084	1.54249313084	1.54249313084	1.54249313084
1.54433133922	1.54433133922	1.54433133922	1.54433133922	1.54433133922	1.54433133922	1.54433133922
1.54298076146	1.54298076146	1.54298076146	1.54298076146	1.54298076146	1.54298076146	1.54298076146
1.546604081	1.546604081	1.546604081	1.546604081	1.546604081	1.546604081	1.546604081
1.55047793504	1.55047793504	1.55047793504	1.55047793504	1.55047793504	1.55047793504	1.55047793504
1.54366538709	1.54366538709	1.54366538709	1.54366538709	1.54366538709	1.54366538709	1.54366538709
1.53742019957	1.53742019957	1.53742019957	1.53742019957	1.53742019957	1.53742019957	1.53742019957
1.52876329713	1.52876329713	1.52876329713	1.52876329713	1.52876329713	1.52876329713	1.52876329713
1.52714474037	1.52714474037	1.52714474037	1.52714474037	1.52714474037	1.52714474037	1.52714474037
1.52506740515	1.52506740515	1.52506740515	1.52506740515	1.52506740515	1.52506740515	1.52506740515
1.52188792116	1.52188792116	1.52188792116	1.52188792116	1.52188792116	1.52188792116	1.52188792116
1.52962317575	1.52962317575	1.52962317575	1.52962317575	1.52962317575	1.52962317575	1.52962317575
1.53727699113	1.53727699113	1.53727699113	1.53727699113	1.53727699113	1.53727699113	1.53727699113
1.54450515899	1.54450515899	1.54450515899	1.54450515899	1.54450515899	1.54450515899	1.54450515899
1.54364446944	1.54364446944	1.54364446944	1.54364446944	1.54364446944	1.54364446944	1.54364446944
1.54956191871	1.54956191871	1.54956191871	1.54956191871	1.54956191871	1.54956191871	1.54956191871
1.554630896	1.554630896	1.554630896	1.554630896	1.554630896	1.554630896	1.554630896
1.55516594344	1.55516594344	1.55516594344	1.55516594344	1.55516594344	1.55516594344	1.55516594344
1.56836846751	1.56836846751	1.56836846751	1.56836846751	1.56836846751	1.56836846751	1.56836846751
1.56547833189	1.56547833189	1.56547833189	1.56547833189	1.56547833189	1.56547833189	1.56547833189
1.56865802823	1.56865802823	1.56865802823	1.56865802823	1.56865802823	1.56865802823	1.56865802823
1.56907619662	1.56907619662	1.56907619662	1.56907619662	1.56907619662	1.56907619662	1.56907619662
1.56220850917	1.56220850917	1.56220850917	1.56220850917	1.56220850917	1.56220850917	1.56220850917
1.56907137956	1.56907137956	1.56907137956	1.56907137956	1.56907137956	1.56907137956	1.56907137956
1.57173920656	1.57173920656	1.57173920656	1.57173920656	1.57173920656	1.57173920656	1.57173920656
1.56933135003	1.56933135003	1.56933135003	1.56933135003	1.56933135003	1.56933135003	1.56933135003
1.57736137057	1.57736137057	1.57736137057	1.57736137057	1.57736137057	1.57736137057	1.57736137057
1.57144450453	1.57144450453	1.57144450453	1.57144450453	1.57144450453	1.57144450453	1.57144450453
1.57587648882	1.57587648882	1.57587648882	1.57587648882	1.57587648882	1.57587648882	1.57587648882
1.56795599747	1.56795599747	1.56795599747	1.56795599747	1.56795599747	1.56795599747	1.56795599747
1.56269005759	1.56269005759	1.56269005759	1.56269005759	1.56269005759	1.56269005759	1.56269005759
1.56086170679	1.56086170679	1.56086170679	1.56086170679	1.56086170679	1.56086170679	1.56086170679
1.55844705061	1.55844705061	1.55844705061	1.55844705061	1.55844705061	1.55844705061	1.55844705061
1.56636062873	1.56636062873	1.56636062873	1.56636062873	1.56636062873	1.56636062873	1.56636062873
1.56285553492	1.56285553492	1.56285553492	1.56285553492	1.56285553492	1.56285553492	1.56285553492
1.55820731374	1.55820731374	1.55820731374	1.55820731374	1.55820731374	1.55820731374	1.55820731374
1.56131206268	1.56131206268	1.56131206268	1.56131206268	1.56131206268	1.56131206268	1.56131206268
1.56278459466	1.56278459466	1.56278459466	1.56278459466	1.56278459466	1.56278459466	1.56278459466
1.55776098482	1.55776098482	1.55776098482	1.55776098482	1.55776098482	1.55776098482	1.55776098482
1.5496102871	1.5496102871	1.5496102871	1.5496102871	1.5496102871	1.5496102871	1.5496102871
1.55335929106	1.55335929106	1.55335929106	1.55335929106	1.55335929106	1.55335929106	1.55335929106
1.55720446306	1.55720446306	1.55720446306	1.55720446306	1.55720446306	1.55720446306	1.55720446306
1.55919832003	1.55919832003	1.55919832003	1.55919832003	1.55919832003	1.55919832003	1.55919832003
1.5589436911	1.5589436911	1.5589436911	1.5589436911	1.5589436911	1.5589436911	1.5589436911
1.55555758676	1.55555758676	1.55555758676	1.55555758676	1.55555758676	1.55555758676	1.55555758676
1.54443159814	1.54443159814	1.54443159814	1.54443159814	1.54443159814	1.54443159814	1.54443159814
1.54770619532	1.54770619532	1.54770619532	1.54770619532	1.54770619532	1.54770619532	1.54770619532
1.54502006359	1.54502006359	1.54502006359	1.54502006359	1.54502006359	1.54502006359	1.54502006359
1.54519313542	1.54519313542	1.54519313542	1.54519313542	1.54519313542	1.54519313542	1.54519313542
1.53562360059	1.53562360059	1.53562360059	1.53562360059	1.53562360059	1.53562360059	1.53562360059
1.53695437468	1.53695437468	1.53695437468	1.53695437468	1.53695437468	1.53695437468	1.53695437468
1.53891935925	1.53891935925	1.53891935925	1.53891935925	1.53891935925	1.53891935925	1.53891935925
1.53013988414	1.53013988414	1.53013988414	1.53013988414	1.53013988414	1.53013988414	1.53013988414
1.52233754394	1.52233754394	1.52233754394	1.52233754394	1.52233754394	1.52233754394	1.52233754394
1.52799847879	1.52799847879	1.52799847879	1.52799847879	1.52799847879	1.52799847879	1.52799847879
1.52459432874	1.52459432874	1.52459432874	1.52459432874	1.52459432874	1.52459432874	1.52459432874
1.52841580881	1.52841580881	1.52841580881	1.52841580881	1.52841580881	1.52841580881	1.52841580881
1.53224351122	1.53224351122	1.53224351122	1.53224351122	1.53224351122	1.53224351122	1.53224351122
1.54148120806	1.54148120806	1.54148120806	1.54148120806	1.54148120806	1.54148120806	1.54148120806
1.54353639716	1.54353639716	1.54353639716	1.54353639716	1.54353639716	1.54353639716	1.54353639716
1.54946374156	1.54946374156	1.54946374156	1.54946374156	1.54946374156	1.54946374156	1.54946374156
1.55097267075	1.55097267075	1.55097267075	1.55097267075	1.55097267075	1.55097267075	1.55097267075
1.54788074909	1.54788074909	1.54788074909	1.54788074909	1.54788074909	1.54788074909	1.54788074909
1.54622461366	1.54622461366	1.54622461366	1.54622461366	1.54622461366	1.54622461366	1.54622461366
1.54852211525	1.54852211525	1.54852211525	1.54852211525	1.54852211525	1.54852211525	1.54852211525
1.54383225496	1.54383225496	1.54383225496	1.54383225496	1.54383225496	1.54383225496	1.54383225496
1.5466368828	1.5466368828	1.5466368828	1.5466368828	1.5466368828	1.5466368828	1.5466368828
1.54614023648	1.54614023648	1.54614023648	1.54614023648	1.54614023648	1.54614023648	1.54614023648
1.54225182993	1.54225182993	1.54225182993	1.54225182993	1.54225182993	1.54225182993	1.54225182993
1.53816117012	1.53816117012	1.53816117012	1.53816117012	1.53816117012	1.53816117012	1.53816117012
1.54018723977	1.54018723977	1.54018723977	1.54018723977	1.54018723977	1.54018723977	1.54018723977
1.53302678931	1.53302678931	1.53302678931	1.53302678931	1.53302678931	1.53302678931	1.53302678931
1.52570671847	1.52570671847	1.52570671847	1.52570671847	1.52570671847	1.52570671847	1.52570671847
1.52433004664	1.52433004664	1.52433004664	1.52433004664	1.52433004664	1.52433004664	1.52433004664
1.51377167263	1.51377167263	1.51377167263	1.51377167263	1.51377167263	1.51377167263	1.51377167263
1.5082957091	1.5082957091	1.5082957091	1.5082957091	1.5082957091	1.5082957091	1.5082957091
1.52088538012	1.52088538012	1.52088538012	1.52088538012	1.52088538012	1.52088538012	1.52088538012
1.52530057146	1.52530057146	1.52530057146	1.52530057146	1.52530057146	1.52530057146	1.52530057146
1.52428306061	1.52428306061	1.52428306061	1.52428306061	1.52428306061	1.52428306061	1.52428306061
1.52193859992	1.52193859992	1.52193859992	1.52193859992	1.52193859992	1.52193859992	1.52193859992
1.51715681188	1.51715681188	1.51715681188	1.51715681188	1.51715681188	1.51715681188	1.51715681188
1.52427663881	1.52427663881	1.52427663881	1.52427663881	1.52427663881	1.52427663881	1.52427663881
1.52335940762	1.52335940762	1.52335940762	1.52335940762	1.52335940762	1.52335940762	1.52335940762
1.52396199317	1.52396199317	1.52396199317	1.52396199317	1.52396199317	1.52396199317	1.52396199317
1.52004319992	1.52004319992	1.52004319992	1.52004319992	1.52004319992	1.52004319992	1.52004319992
1.51055445131	1.51055445131	1.51055445131	1.51055445131	1.51055445131	1.51055445131	1.51055445131
1.51742790142	1.51742790142	1.51742790142	1.51742790142	1.51742790142	1.51742790142	1.51742790142
1.51305851513	1.51305851513	1.51305851513	1.51305851513	1.51305851513	1.51305851513	1.51305851513
1.51968423766	1.51968423766	1.51968423766	1.51968423766	1.51968423766	1.51968423766	1.51968423766
1.52387870687	1.52387870687	1.52387870687	1.52387870687	1.52387870687	1.52387870687	1.52387870687
1.51558164533	1.51558164533	1.51558164533	1.51558164533	1.51558164533	1.51558164533	1.51558164533
1.51937714746	1.51937714746	1.51937714746	1.51937714746	1.51937714746	1.51937714746	1.51937714746
1.51717836731	1.51717836731	1.51717836731	1.51717836731	1.51717836731	1.51717836731	1.51717836731
1.51376172848	1.51376172848	1.51376172848	1.51376172848	1.51376172848	1.51376172848	1.51376172848
1.51790842653	1.51790842653	1.51790842653	1.51790842653	1.51790842653	1.51790842653	1.51790842653
1.51715563993	1.51715563993	1.51715563993	1.51715563993	1.51715563993	1.51715563993	1.51715563993
1.50535213764	1.50535213764	1.50535213764	1.50535213764	1.50535213764	1.50535213764	1.50535213764
1.51420035142	1.51420035142	1.51420035142	1.51420035142	1.51420035142	1.51420035142	1.51420035142
1.51756998756	1.51756998756	1.51756998756	1.51756998756	1.51756998756	1.51756998756	1.51756998756
1.50971550974	1.50971550974	1.50971550974	1.50971550974	1.50971550974	1.50971550974	1.50971550974
1.5109586282	1.5109586282	1.5109586282	1.5109586282	1.5109586282	1.5109586282	1.5109586282
1.5118195637	1.5118195637	1.5118195637	1.5118195637	1.5118195637	1.5118195637	1.5118195637
1.51500710552	1.51500710552	1.51500710552	1.51500710552	1.51500710552	1.51500710552	1.51500710552
1.50997050522	1.50997050522	1.50997050522	1.50997050522	1.50997050522	1.50997050522	1.50997050522
1.50957816283	1.50957816283	1.50957816283	1.50957816283	1.50957816283	1.50957816283	1.50957816283
1.51602905263	1.51602905263	1.51602905263	1.51602905263	1.51602905263	1.51602905263	1.51602905263
1.5159737206	1.5159737206	1.5159737206	1.5159737206	1.5159737206	1.5159737206	1.5159737206
1.50881036675	1.50881036675	1.50881036675	1.50881036675	1.50881036675	1.50881036675	1.50881036675
1.5053448091	1.5053448091	1.5053448091	1.5053448091	1.5053448091	1.5053448091	1.5053448091
1.5099449612	1.5099449612	1.5099449612	1.5099449612	1.5099449612	1.5099449612	1.5099449612
1.51425556659	1.51425556659	1.51425556659	1.51425556659	1.51425556659	1.51425556659	1.51425556659
1.51706490934	1.51706490934	1.51706490934	1.51706490934	1.51706490934	1.51706490934	1.51706490934
1.50874520044	1.50874520044	1.50874520044	1.50874520044	1.50874520044	1.50874520044	1.50874520044
1.5089943309	1.5089943309	1.5089943309	1.5089943309	1.5089943309	1.5089943309	1.5089943309
1.515690872	1.515690872	1.515690872	1.515690872	1.515690872	1.515690872	1.515690872
1.51732677624	1.51732677624	1.51732677624	1.51732677624	1.51732677624	1.51732677624	1.51732677624
1.51841270403	1.51841270403	1.51841270403	1.51841270403	1.51841270403	1.51841270403	1.51841270403
1.51833817592	1.51833817592	1.51833817592	1.51833817592	1.51833817592	1.51833817592	1.51833817592
1.5227003924	1.5227003924	1.5227003924	1.5227003924	1.5227003924	1.5227003924	1.5227003924
1.52666437689	1.52666437689	1.52666437689	1.52666437689	1.52666437689	1.52666437689	1.52666437689
1.52385651117	1.52385651117	1.52385651117	1.52385651117	1.52385651117	1.52385651117	1.52385651117
1.52538988244	1.52538988244	1.52538988244	1.52538988244	1.52538988244	1.52538988244	1.52538988244
1.52251967153	1.52251967153	1.52251967153	1.52251967153	1.52251967153	1.52251967153	1.52251967153
1.52636496466	1.52636496466	1.52636496466	1.52636496466	1.52636496466	1.52636496466	1.52636496466
1.52943278964	1.52943278964	1.52943278964	1.52943278964	1.52943278964	1.52943278964	1.52943278964
1.52468766071	1.52468766071	1.52468766071	1.52468766071	1.52468766071	1.52468766071	1.52468766071
1.52875868306	1.52875868306	1.52875868306	1.52875868306	1.52875868306	1.52875868306	1.52875868306
1.5382492443	1.5382492443	1.5382492443	1.5382492443	1.5382492443	1.5382492443	1.5382492443
1.54232939727	1.54232939727	1.54232939727	1.54232939727	1.54232939727	1.54232939727	1.54232939727
1.53822468973	1.53822468973	1.53822468973	1.53822468973	1.53822468973	1.53822468973	1.53822468973
1.54281003379	1.54281003379	1.54281003379	1.54281003379	1.54281003379	1.54281003379	1.54281003379
1.54236770729	1.54236770729	1.54236770729	1.54236770729	1.54236770729	1.54236770729	1.54236770729
1.5442207934	1.5442207934	1.5442207934	1.5442207934	1.5442207934	1.5442207934	1.5442207934
1.54089872304	1.54089872304	1.54089872304	1.54089872304	1.54089872304	1.54089872304	1.54089872304
1.54283030095	1.54283030095	1.54283030095	1.54283030095	1.54283030095	1.54283030095	1.54283030095
1.53724327348	1.53724327348	1.53724327348	1.53724327348	1.53724327348	1.53724327348	1.53724327348
1.54087930973	1.54087930973	1.54087930973	1.54087930973	1.54087930973	1.54087930973	1.54087930973
1.532097972	1.532097972	1.532097972	1.532097972	1.532097972	1.532097972	1.532097972
1.53689540043	1.53689540043	1.53689540043	1.53689540043	1.53689540043	1.53689540043	1.53689540043
1.53240230387	1.53240230387	1.53240230387	1.53240230387	1.53240230387	1.53240230387	1.53240230387
1.54005392038	1.54005392038	1.54005392038	1.54005392038	1.54005392038	1.54005392038	1.54005392038
1.54690054618	1.54690054618	1.54690054618	1.54690054618	1.54690054618	1.54690054618	1.54690054618
1.55145974803	1.55145974803	1.55145974803	1.55145974803	1.55145974803	1.55145974803	1.55145974803
1.54452962459	1.54452962459	1.54452962459	1.54452962459	1.54452962459	1.54452962459	1.54452962459
1.550236368	1.550236368	1.550236368	1.550236368	1.550236368	1.550236368	1.550236368
1.55361750773	1.55361750773	1.55361750773	1.55361750773	1.55361750773	1.55361750773	1.55361750773
1.55567603721	1.55567603721	1.55567603721	1.55567603721	1.55567603721	1.55567603721	1.55567603721
1.5638248588	1.5638248588	1.5638248588	1.5638248588	1.5638248588	1.5638248588	1.5638248588
1.56176085767	1.56176085767	1.56176085767	1.56176085767	1.56176085767	1.56176085767	1.56176085767
1.56388576818	1.56388576818	1.56388576818	1.56388576818	1.56388576818	1.56388576818	1.56388576818
1.56864571981	1.56864571981	1.56864571981	1.56864571981	1.56864571981	1.56864571981	1.56864571981
1.58230284575	1.58230284575	1.58230284575	1.58230284575	1.58230284575	1.58230284575	1.58230284575
1.57874962422	1.57874962422	1.57874962422	1.57874962422	1.57874962422	1.57874962422	1.57874962422
1.57937133125	1.57937133125	1.57937133125	1.57937133125	1.57937133125	1.57937133125	1.57937133125
1.56826369415	1.56826369415	1.56826369415	1.56826369415	1.56826369415	1.56826369415	1.56826369415
1.56136184956	1.56136184956	1.56136184956	1.56136184956	1.56136184956	1.56136184956	1.56136184956
1.55591010521	1.55591010521	1.55591010521	1.55591010521	1.55591010521	1.55591010521	1.55591010521
1.55192337828	1.55192337828	1.55192337828	1.55192337828	1.55192337828	1.55192337828	1.55192337828
1.55180320904	1.55180320904	1.55180320904	1.55180320904	1.55180320904	1.55180320904	1.55180320904
1.55632813118	1.55632813118	1.55632813118	1.55632813118	1.55632813118	1.55632813118	1.55632813118
1.56424266779	1.56424266779	1.56424266779	1.56424266779	1.56424266779	1.56424266779	1.56424266779
1.57099033625	1.57099033625	1.57099033625	1.57099033625	1.57099033625	1.57099033625	1.57099033625
1.56350210673	1.56350210673	1.56350210673	1.56350210673	1.56350210673	1.56350210673	1.56350210673
1.56633670441	1.56633670441	1.56633670441	1.56633670441	1.56633670441	1.56633670441	1.56633670441
1.5638697014	1.5638697014	1.5638697014	1.5638697014	1.5638697014	1.5638697014	1.5638697014
1.56628647228	1.56628647228	1.56628647228	1.56628647228	1.56628647228	1.56628647228	1.56628647228
1.56006876045	1.56006876045	1.56006876045	1.56006876045	1.56006876045	1.56006876045	1.56006876045
1.55846535865	1.55846535865	1.55846535865	1.55846535865	1.55846535865	1.55846535865	1.55846535865
1.56375244764	1.56375244764	1.56375244764	1.56375244764	1.56375244764	1.56375244764	1.56375244764
1.56208077139	1.56208077139	1.56208077139	1.56208077139	1.56208077139	1.56208077139	1.56208077139
1.57611671456	1.57611671456	1.57611671456	1.57611671456	1.57611671456	1.57611671456	1.57611671456
1.57987189314	1.57987189314	1.57987189314	1.57987189314	1.57987189314	1.57987189314	1.57987189314
1.5809904278	1.5809904278	1.5809904278	1.5809904278	1.5809904278	1.5809904278	1.5809904278
1.58131860641	1.58131860641	1.58131860641	1.58131860641	1.58131860641	1.58131860641	1.58131860641
1.58644622323	1.58644622323	1.58644622323	1.58644622323	1.58644622323	1.58644622323	1.58644622323
1.57911657775	1.57911657775	1.57911657775	1.57911657775	1.57911657775	1.57911657775	1.57911657775
1.57413003718	1.57413003718	1.57413003718	1.57413003718	1.57413003718	1.57413003718	1.57413003718
1.56836394901	1.56836394901	1.56836394901	1.56836394901	1.56836394901	1.56836394901	1.56836394901
1.56774149341	1.56774149341	1.56774149341	1.56774149341	1.56774149341	1.56774149341	1.56774149341
1.56887922683	1.56887922683	1.56887922683	1.56887922683	1.56887922683	1.56887922683	1.56887922683
1.56753454805	1.56753454805	1.56753454805	1.56753454805	1.56753454805	1.56753454805	1.56753454805
1.57152728558	1.57152728558	1.57152728558	1.57152728558	1.57152728558	1.57152728558	1.57152728558
1.56843856566	1.56843856566	1.56843856566	1.56843856566	1.56843856566	1.56843856566	1.56843856566
1.57074268221	1.57074268221	1.57074268221	1.57074268221	1.57074268221	1.57074268221	1.57074268221
1.57296068239	1.57296068239	1.57296068239	1.57296068239	1.57296068239	1.57296068239	1.57296068239
1.57508608023	1.57508608023	1.57508608023	1.57508608023	1.57508608023	1.57508608023	1.57508608023
1.56988268207	1.56988268207	1.56988268207	1.56988268207	1.56988268207	1.56988268207	1.56988268207
1.5786553293	1.5786553293	1.5786553293	1.5786553293	1.5786553293	1.5786553293	1.5786553293
1.58514628978	1.58514628978	1.58514628978	1.58514628978	1.58514628978	1.58514628978	1.58514628978
1.58271172684	1.58271172684	1.58271172684	1.58271172684	1.58271172684	1.58271172684	1.58271172684
1.57494167395	1.57494167395	1.57494167395	1.57494167395	1.57494167395	1.57494167395	1.57494167395
1.57009481743	1.57009481743	1.57009481743	1.57009481743	1.57009481743	1.57009481743	1.57009481743
1.56632244661	1.56632244661	1.56632244661	1.56632244661	1.56632244661	1.56632244661	1.56632244661
1.56888655002	1.56888655002	1.56888655002	1.56888655002	1.56888655002	1.56888655002	1.56888655002
1.57298776403	1.57298776403	1.57298776403	1.57298776403	1.57298776403	1.57298776403	1.57298776403
1.57593763766	1.57593763766	1.57593763766	1.57593763766	1.57593763766	1.57593763766	1.57593763766
1.57498167727	1.57498167727	1.57498167727	1.57498167727	1.57498167727	1.57498167727	1.57498167727
1.5794207117	1.5794207117	1.5794207117	1.5794207117	1.5794207117	1.5794207117	1.5794207117
1.57170059714	1.57170059714	1.57170059714	1.57170059714	1.57170059714	1.57170059714	1.57170059714
1.56435467748	1.56435467748	1.56435467748	1.56435467748	1.56435467748	1.56435467748	1.56435467748
1.56063006803	1.56063006803	1.56063006803	1.56063006803	1.56063006803	1.56063006803	1.56063006803
1.56781961561	1.56781961561	1.56781961561	1.56781961561	1.56781961561	1.56781961561	1.56781961561
1.56835295787	1.56835295787	1.56835295787	1.56835295787	1.56835295787	1.56835295787	1.56835295787
1.56787885666	1.56787885666	1.56787885666	1.56787885666	1.56787885666	1.56787885666	1.56787885666
1.56624580152	1.56624580152	1.56624580152	1.56624580152	1.56624580152	1.56624580152	1.56624580152
1.56790501701	1.56790501701	1.56790501701	1.56790501701	1.56790501701	1.56790501701	1.56790501701
1.56581602966	1.56581602966	1.56581602966	1.56581602966	1.56581602966	1.56581602966	1.56581602966
1.5682939874	1.5682939874	1.5682939874	1.5682939874	1.5682939874	1.5682939874	1.5682939874
1.57434519905	1.57434519905	1.57434519905	1.57434519905	1.57434519905	1.57434519905	1.57434519905
1.56579207969	1.56579207969	1.56579207969	1.56579207969	1.56579207969	1.56579207969	1.56579207969
1.57032798477	1.57032798477	1.57032798477	1.57032798477	1.57032798477	1.57032798477	1.57032798477
1.57530011086	1.57530011086	1.57530011086	1.57530011086	1.57530011086	1.57530011086	1.57530011086
1.58059864687	1.58059864687	1.58059864687	1.58059864687	1.58059864687	1.58059864687	1.58059864687
1.5799768955	1.5799768955	1.5799768955	1.5799768955	1.5799768955	1.5799768955	1.5799768955
1.58358715726	1.58358715726	1.58358715726	1.58358715726	1.58358715726	1.58358715726	1.58358715726
1.57613554407	1.57613554407	1.57613554407	1.57613554407	1.57613554407	1.57613554407	1.57613554407
1.57000515563	1.57000515563	1.57000515563	1.57000515563	1.57000515563	1.57000515563	1.57000515563
1.57059024068	1.57059024068	1.57059024068	1.57059024068	1.57059024068	1.57059024068	1.57059024068
1.57099416847	1.57099416847	1.57099416847	1.57099416847	1.57099416847	1.57099416847	1.57099416847
1.56606787276	1.56606787276	1.56606787276	1.56606787276	1.56606787276	1.56606787276	1.56606787276
1.566703969	1.566703969	1.566703969	1.566703969	1.566703969	1.566703969	1.566703969
1.56904167413	1.56904167413	1.56904167413	1.56904167413	1.56904167413	1.56904167413	1.56904167413
1.57044045025	1.57044045025	1.57044045025	1.57044045025	1.57044045025	1.57044045025	1.57044045025
1.5785073791	1.5785073791	1.5785073791	1.5785073791	1.5785073791	1.5785073791	1.5785073791
1.5737201038	1.5737201038	1.5737201038	1.5737201038	1.5737201038	1.5737201038	1.5737201038
1.573351318	1.573351318	1.573351318	1.573351318	1.573351318	1.573351318	1.573351318
1.580435938	1.580435938	1.580435938	1.580435938	1.580435938	1.580435938	1.580435938
1.58415790194	1.58415790194	1.58415790194	1.58415790194	1.58415790194	1.58415790194	1.58415790194
1.56605175919	1.56605175919	1.56605175919	1.56605175919	1.56605175919	1.56605175919	1.56605175919
1.57094314125	1.57094314125	1.57094314125	1.57094314125	1.57094314125	1.57094314125	1.57094314125
1.57016334159	1.57016334159	1.57016334159	1.57016334159	1.57016334159	1.57016334159	1.57016334159
1.56947704278	1.56947704278	1.56947704278	1.56947704278	1.56947704278	1.56947704278	1.56947704278
1.57766481549	1.57766481549	1.57766481549	1.57766481549	1.57766481549	1.57766481549	1.57766481549
1.58265823697	1.58265823697	1.58265823697	1.58265823697	1.58265823697	1.58265823697	1.58265823697
1.58241653797	1.58241653797	1.58241653797	1.58241653797	1.58241653797	1.58241653797	1.58241653797
1.58351485394	1.58351485394	1.58351485394	1.58351485394	1.58351485394	1.58351485394	1.58351485394
1.58338136541	1.58338136541	1.58338136541	1.58338136541	1.58338136541	1.58338136541	1.58338136541
1.5870176024	1.5870176024	1.5870176024	1.5870176024	1.5870176024	1.5870176024	1.5870176024
1.58514960203	1.58514960203	1.58514960203	1.58514960203	1.58514960203	1.58514960203	1.58514960203
1.58551194143	1.58551194143	1.58551194143	1.58551194143	1.58551194143	1.58551194143	1.58551194143
1.58804004392	1.58804004392	1.58804004392	1.58804004392	1.58804004392	1.58804004392	1.58804004392
1.58293845739	1.58293845739	1.58293845739	1.58293845739	1.58293845739	1.58293845739	1.58293845739
1.57556618897	1.57556618897	1.57556618897	1.57556618897	1.57556618897	1.57556618897	1.57556618897
1.56908918627	1.56908918627	1.56908918627	1.56908918627	1.56908918627	1.56908918627	1.56908918627
1.56981737905	1.56981737905	1.56981737905	1.56981737905	1.56981737905	1.56981737905	1.56981737905
1.57672549343	1.57672549343	1.57672549343	1.57672549343	1.57672549343	1.57672549343	1.57672549343
1.57844248303	1.57844248303	1.57844248303	1.57844248303	1.57844248303	1.57844248303	1.57844248303
1.57662380027	1.57662380027	1.57662380027	1.57662380027	1.57662380027	1.57662380027	1.57662380027
1.58571495461	1.58571495461	1.58571495461	1.58571495461	1.58571495461	1.58571495461	1.58571495461
1.58179788075	1.58179788075	1.58179788075	1.58179788075	1.58179788075	1.58179788075	1.58179788075
1.57937962198	1.57937962198	1.57937962198	1.57937962198	1.57937962198	1.57937962198	1.57937962198
1.58150693892	1.58150693892	1.58150693892	1.58150693892	1.58150693892	1.58150693892	1.58150693892
1.57154857666	1.57154857666	1.57154857666	1.57154857666	1.57154857666	1.57154857666	1.57154857666
1.56494798819	1.56494798819	1.56494798819	1.56494798819	1.56494798819	1.56494798819	1.56494798819
1.56356098589	1.56356098589	1.56356098589	1.56356098589	1.56356098589	1.56356098589	1.56356098589
1.56006568526	1.56006568526	1.56006568526	1.56006568526	1.56006568526	1.56006568526	1.56006568526
1.56982649473	1.56982649473	1.56982649473	1.56982649473	1.56982649473	1.56982649473	1.56982649473
1.57344635047	1.57344635047	1.57344635047	1.57344635047	1.57344635047	1.57344635047	1.57344635047
1.57665702619	1.57665702619	1.57665702619	1.57665702619	1.57665702619	1.57665702619	1.57665702619
1.57659210688	1.57659210688	1.57659210688	1.57659210688	1.57659210688	1.57659210688	1.57659210688
1.57903460039	1.57903460039	1.57903460039	1.57903460039	1.57903460039	1.57903460039	1.57903460039
1.57267922212	1.57267922212	1.57267922212	1.57267922212	1.57267922212	1.57267922212	1.57267922212
1.58155008868	1.58155008868	1.58155008868	1.58155008868	1.58155008868	1.58155008868	1.58155008868
1.58252721727	1.58252721727	1.58252721727	1.58252721727	1.58252721727	1.58252721727	1.58252721727
1.5798221832	1.5798221832	1.5798221832	1.5798221832	1.5798221832	1.5798221832	1.5798221832
1.57429332368	1.57429332368	1.57429332368	1.57429332368	1.57429332368	1.57429332368	1.57429332368
1.56541035731	1.56541035731	1.56541035731	1.56541035731	1.56541035731	1.56541035731	1.56541035731
1.56660607718	1.56660607718	1.56660607718	1.56660607718	1.56660607718	1.56660607718	1.56660607718
1.56890643971	1.56890643971	1.56890643971	1.56890643971	1.56890643971	1.56890643971	1.56890643971
1.57143535094	1.57143535094	1.57143535094	1.57143535094	1.57143535094	1.57143535094	1.57143535094
1.56632392712	1.56632392712	1.56632392712	1.56632392712	1.56632392712	1.56632392712	1.56632392712
1.56773446291	1.56773446291	1.56773446291	1.56773446291	1.56773446291	1.56773446291	1.56773446291
1.57150159015	1.57150159015	1.57150159015	1.57150159015	1.57150159015	1.57150159015	1.57150159015
1.56295611421	1.56295611421	1.56295611421	1.56295611421	1.56295611421	1.56295611421	1.56295611421
1.57382089674	1.57382089674	1.57382089674	1.57382089674	1.57382089674	1.57382089674	1.57382089674
1.57348994217	1.57348994217	1.57348994217	1.57348994217	1.57348994217	1.57348994217	1.57348994217
1.56422497221	1.56422497221	1.56422497221	1.56422497221	1.56422497221	1.56422497221	1.56422497221
1.56536233548	1.56536233548	1.56536233548	1.56536233548	1.56536233548	1.56536233548	1.56536233548
1.56290326554	1.56290326554	1.56290326554	1.56290326554	1.56290326554	1.56290326554	1.56290326554
1.55262309985	1.55262309985	1.55262309985	1.55262309985	1.55262309985	1.55262309985	1.55262309985
1.55030007863	1.55030007863	1.55030007863	1.55030007863	1.55030007863	1.55030007863	1.55030007863
1.55422124229	1.55422124229	1.55422124229	1.55422124229	1.55422124229	1.55422124229	1.55422124229
1.55426630681	1.55426630681	1.55426630681	1.55426630681	1.55426630681	1.55426630681	1.55426630681
1.55831695926	1.55831695926	1.55831695926	1.55831695926	1.55831695926	1.55831695926	1.55831695926
1.56664873535	1.56664873535	1.56664873535	1.56664873535	1.56664873535	1.56664873535	1.56664873535
1.55743029804	1.55743029804	1.55743029804	1.55743029804	1.55743029804	1.55743029804	1.55743029804
1.55850418737	1.55850418737	1.55850418737	1.55850418737	1.55850418737	1.55850418737	1.55850418737
1.5506594355	1.5506594355	1.5506594355	1.5506594355	1.5506594355	1.5506594355	1.5506594355
1.55998009205	1.55998009205	1.55998009205	1.55998009205	1.55998009205	1.55998009205	1.55998009205
1.56964263691	1.56964263691	1.56964263691	1.56964263691	1.56964263691	1.56964263691	1.56964263691
1.57227259993	1.57227259993	1.57227259993	1.57227259993	1.57227259993	1.57227259993	1.57227259993
1.56803469723	1.56803469723	1.56803469723	1.56803469723	1.56803469723	1.56803469723	1.56803469723
1.57116275454	1.57116275454	1.57116275454	1.57116275454	1.57116275454	1.57116275454	1.57116275454
1.57455186869	1.57455186869	1.57455186869	1.57455186869	1.57455186869	1.57455186869	1.57455186869
1.56585426391	1.56585426391	1.56585426391	1.56585426391	1.56585426391	1.56585426391	1.56585426391
1.57291004664	1.57291004664	1.57291004664	1.57291004664	1.57291004664	1.57291004664	1.57291004664
1.57192714485	1.57192714485	1.57192714485	1.57192714485	1.57192714485	1.57192714485	1.57192714485
1.56703028516	1.56703028516	1.56703028516	1.56703028516	1.56703028516	1.56703028516	1.56703028516
1.5656715306	1.5656715306	1.5656715306	1.5656715306	1.5656715306	1.5656715306	1.5656715306
1.56452486404	1.56452486404	1.56452486404	1.56452486404	1.56452486404	1.56452486404	1.56452486404
1.57390207575	1.57390207575	1.57390207575	1.57390207575	1.57390207575	1.57390207575	1.57390207575
1.57777840949	1.57777840949	1.57777840949	1.57777840949	1.57777840949	1.57777840949	1.57777840949
1.57258911351	1.57258911351	1.57258911351	1.57258911351	1.57258911351	1.57258911351	1.57258911351
1.5743860679	1.5743860679	1.5743860679	1.5743860679	1.5743860679	1.5743860679	1.5743860679
1.57040462276	1.57040462276	1.57040462276	1.57040462276	1.57040462276	1.57040462276	1.57040462276
1.57405976184	1.57405976184	1.57405976184	1.57405976184	1.57405976184	1.57405976184	1.57405976184
1.57389474694	1.57389474694	1.57389474694	1.57389474694	1.57389474694	1.57389474694	1.57389474694
1.56157674958	1.56157674958	1.56157674958	1.56157674958	1.56157674958	1.56157674958	1.56157674958
1.56050666589	1.56050666589	1.56050666589	1.56050666589	1.56050666589	1.56050666589	1.56050666589
1.55235212225	1.55235212225	1.55235212225	1.55235212225	1.55235212225	1.55235212225	1.55235212225
1.54692744165	1.54692744165	1.54692744165	1.54692744165	1.54692744165	1.54692744165	1.54692744165
1.55417231886	1.55417231886	1.55417231886	1.55417231886	1.55417231886	1.55417231886	1.55417231886
1.55323467989	1.55323467989	1.55323467989	1.55323467989	1.55323467989	1.55323467989	1.55323467989
1.55273322584	1.55273322584	1.55273322584	1.55273322584	1.55273322584	1.55273322584	1.55273322584
1.55086936192	1.55086936192	1.55086936192	1.55086936192	1.55086936192	1.55086936192	1.55086936192
1.56122484384	1.56122484384	1.56122484384	1.56122484384	1.56122484384	1.56122484384	1.56122484384
1.56120313186	1.56120313186	1.56120313186	1.56120313186	1.56120313186	1.56120313186	1.56120313186
1.56034369713	1.56034369713	1.56034369713	1.56034369713	1.56034369713	1.56034369713	1.56034369713
1.554725599	1.554725599	1.554725599	1.554725599	1.554725599	1.554725599	1.554725599
1.54957097684	1.54957097684	1.54957097684	1.54957097684	1.54957097684	1.54957097684	1.54957097684
1.54403267985	1.54403267985	1.54403267985	1.54403267985	1.54403267985	1.54403267985	1.54403267985
1.54308955385	1.54308955385	1.54308955385	1.54308955385	1.54308955385	1.54308955385	1.54308955385
1.54146253422	1.54146253422	1.54146253422	1.54146253422	1.54146253422	1.54146253422	1.54146253422
1.54169419098	1.54169419098	1.54169419098	1.54169419098	1.54169419098	1.54169419098	1.54169419098
1.55210080986	1.55210080986	1.55210080986	1.55210080986	1.55210080986	1.55210080986	1.55210080986
1.55503144565	1.55503144565	1.55503144565	1.55503144565	1.55503144565	1.55503144565	1.55503144565
1.55080075312	1.55080075312	1.55080075312	1.55080075312	1.55080075312	1.55080075312	1.55080075312
1.54932717559	1.54932717559	1.54932717559	1.54932717559	1.54932717559	1.54932717559	1.54932717559
1.54768641295	1.54768641295	1.54768641295	1.54768641295	1.54768641295	1.54768641295	1.54768641295
1.5478787511	1.5478787511	1.5478787511	1.5478787511	1.5478787511	1.5478787511	1.5478787511
1.53876163905	1.53876163905	1.53876163905	1.53876163905	1.53876163905	1.53876163905	1.53876163905
1.53852259926	1.53852259926	1.53852259926	1.53852259926	1.53852259926	1.53852259926	1.53852259926
1.54004775708	1.54004775708	1.54004775708	1.54004775708	1.54004775708	1.54004775708	1.54004775708
1.54771919694	1.54771919694	1.54771919694	1.54771919694	1.54771919694	1.54771919694	1.54771919694
1.55053370988	1.55053370988	1.55053370988	1.55053370988	1.55053370988	1.55053370988	1.55053370988
1.55723029237	1.55723029237	1.55723029237	1.55723029237	1.55723029237	1.55723029237	1.55723029237
1.56052900808	1.56052900808	1.56052900808	1.56052900808	1.56052900808	1.56052900808	1.56052900808
1.55675583531	1.55675583531	1.55675583531	1.55675583531	1.55675583531	1.55675583531	1.55675583531
1.55460478263	1.55460478263	1.55460478263	1.55460478263	1.55460478263	1.55460478263	1.55460478263
1.5579944316	1.5579944316	1.5579944316	1.5579944316	1.5579944316	1.5579944316	1.5579944316
1.55994066836	1.55994066836	1.55994066836	1.55994066836	1.55994066836	1.55994066836	1.55994066836
1.5601239668	1.5601239668	1.5601239668	1.5601239668	1.5601239668	1.5601239668	1.5601239668
1.56223027787	1.56223027787	1.56223027787	1.56223027787	1.56223027787	1.56223027787	1.56223027787
1.56913012858	1.56913012858	1.56913012858	1.56913012858	1.56913012858	1.56913012858	1.56913012858
1.57620222931	1.57620222931	1.57620222931	1.57620222931	1.57620222931	1.57620222931	1.57620222931
1.57322502765	1.57322502765	1.57322502765	1.57322502765	1.57322502765	1.57322502765	1.57322502765
1.5787306706	1.5787306706	1.5787306706	1.5787306706	1.5787306706	1.5787306706	1.5787306706
1.58571021557	1.58571021557	1.58571021557	1.58571021557	1.58571021557	1.58571021557	1.58571021557
1.59047149839	1.59047149839	1.59047149839	1.59047149839	1.59047149839	1.59047149839	1.59047149839
1.58882957137	1.58882957137	1.58882957137	1.58882957137	1.58882957137	1.58882957137	1.58882957137
1.58078745469	1.58078745469	1.58078745469	1.58078745469	1.58078745469	1.58078745469	1.58078745469
1.58356859916	1.58356859916	1.58356859916	1.58356859916	1.58356859916	1.58356859916	1.58356859916
1.58041712634	1.58041712634	1.58041712634	1.58041712634	1.58041712634	1.58041712634	1.58041712634
1.58693207538	1.58693207538	1.58693207538	1.58693207538	1.58693207538	1.58693207538	1.58693207538
1.58942412737	1.58942412737	1.58942412737	1.58942412737	1.58942412737	1.58942412737	1.58942412737
1.58495461566	1.58495461566	1.58495461566	1.58495461566	1.58495461566	1.58495461566	1.58495461566
1.58461216909	1.58461216909	1.58461216909	1.58461216909	1.58461216909	1.58461216909	1.58461216909
1.5885901004	1.5885901004	1.5885901004	1.5885901004	1.5885901004	1.5885901004	1.5885901004
1.58028155487	1.58028155487	1.58028155487	1.58028155487	1.58028155487	1.58028155487	1.58028155487
1.58134580533	1.58134580533	1.58134580533	1.58134580533	1.58134580533	1.58134580533	1.58134580533
1.59306363012	1.59306363012	1.59306363012	1.59306363012	1.59306363012	1.59306363012	1.59306363012
1.58620399103	1.58620399103	1.58620399103	1.58620399103	1.58620399103	1.58620399103	1.58620399103
1.57739846649	1.57739846649	1.57739846649	1.57739846649	1.57739846649	1.57739846649	1.57739846649
1.57448878122	1.57448878122	1.57448878122	1.57448878122	1.57448878122	1.57448878122	1.57448878122
1.57337383386	1.57337383386	1.57337383386	1.57337383386	1.57337383386	1.57337383386	1.57337383386
1.56816513137	1.56816513137	1.56816513137	1.56816513137	1.56816513137	1.56816513137	1.56816513137
1.56728422272	1.56728422272	1.56728422272	1.56728422272	1.56728422272	1.56728422272	1.56728422272
1.56050708907	1.56050708907	1.56050708907	1.56050708907	1.56050708907	1.56050708907	1.56050708907
1.56271257116	1.56271257116	1.56271257116	1.56271257116	1.56271257116	1.56271257116	1.56271257116
1.55651382343	1.55651382343	1.55651382343	1.55651382343	1.55651382343	1.55651382343	1.55651382343
1.56336973228	1.56336973228	1.56336973228	1.56336973228	1.56336973228	1.56336973228	1.56336973228
1.5606251365	1.5606251365	1.5606251365	1.5606251365	1.5606251365	1.5606251365	1.5606251365
1.5619295192	1.5619295192	1.5619295192	1.5619295192	1.5619295192	1.5619295192	1.5619295192
1.55672436317	1.55672436317	1.55672436317	1.55672436317	1.55672436317	1.55672436317	1.55672436317
1.55089418795	1.55089418795	1.55089418795	1.55089418795	1.55089418795	1.55089418795	1.55089418795
1.558883472	1.558883472	1.558883472	1.558883472	1.558883472	1.558883472	1.558883472
1.56256797376	1.56256797376	1.56256797376	1.56256797376	1.56256797376	1.56256797376	1.56256797376
1.55391765702	1.55391765702	1.55391765702	1.55391765702	1.55391765702	1.55391765702	1.55391765702
1.55973715661	1.55973715661	1.55973715661	1.55973715661	1.55973715661	1.55973715661	1.55973715661
1.57132494822	1.57132494822	1.57132494822	1.57132494822	1.57132494822	1.57132494822	1.57132494822
1.57460482527	1.57460482527	1.57460482527	1.57460482527	1.57460482527	1.57460482527	1.57460482527
1.57492046012	1.57492046012	1.57492046012	1.57492046012	1.57492046012	1.57492046012	1.57492046012
1.5585264232	1.5585264232	1.5585264232	1.5585264232	1.5585264232	1.5585264232	1.5585264232
1.55733489683	1.55733489683	1.55733489683	1.55733489683	1.55733489683	1.55733489683	1.55733489683
1.55660254577	1.55660254577	1.55660254577	1.55660254577	1.55660254577	1.55660254577	1.55660254577
1.55967563862	1.55967563862	1.55967563862	1.55967563862	1.55967563862	1.55967563862	1.55967563862
1.55887644756	1.55887644756	1.55887644756	1.55887644756	1.55887644756	1.55887644756	1.55887644756
1.56482673021	1.56482673021	1.56482673021	1.56482673021	1.56482673021	1.56482673021	1.56482673021
1.56128636856	1.56128636856	1.56128636856	1.56128636856	1.56128636856	1.56128636856	1.56128636856
1.56428936598	1.56428936598	1.56428936598	1.56428936598	1.56428936598	1.56428936598	1.56428936598
1.56580033999	1.56580033999	1.56580033999	1.56580033999	1.56580033999	1.56580033999	1.56580033999
1.56466964999	1.56466964999	1.56466964999	1.56466964999	1.56466964999	1.56466964999	1.56466964999
1.55998564866	1.55998564866	1.55998564866	1.55998564866	1.55998564866	1.55998564866	1.55998564866
1.55406925132	1.55406925132	1.55406925132	1.55406925132	1.55406925132	1.55406925132	1.55406925132
1.55457371543	1.55457371543	1.55457371543	1.55457371543	1.55457371543	1.55457371543	1.55457371543
1.55752448545	1.55752448545	1.55752448545	1.55752448545	1.55752448545	1.55752448545	1.55752448545
1.56622731828	1.56622731828	1.56622731828	1.56622731828	1.56622731828	1.56622731828	1.56622731828
1.56486127598	1.56486127598	1.56486127598	1.56486127598	1.56486127598	1.56486127598	1.56486127598
1.56400020735	1.56400020735	1.56400020735	1.56400020735	1.56400020735	1.56400020735	1.56400020735
1.57378676807	1.57378676807	1.57378676807	1.57378676807	1.57378676807	1.57378676807	1.57378676807
1.57475643478	1.57475643478	1.57475643478	1.57475643478	1.57475643478	1.57475643478	1.57475643478
1.56648692792	1.56648692792	1.56648692792	1.56648692792	1.56648692792	1.56648692792	1.56648692792
1.57197288361	1.57197288361	1.57197288361	1.57197288361	1.57197288361	1.57197288361	1.57197288361
1.5719239941	1.5719239941	1.5719239941	1.5719239941	1.5719239941	1.5719239941	1.5719239941
1.5684709466	1.5684709466	1.5684709466	1.5684709466	1.5684709466	1.5684709466	1.5684709466
1.5640920011	1.5640920011	1.5640920011	1.5640920011	1.5640920011	1.5640920011	1.5640920011
1.56826691002	1.56826691002	1.56826691002	1.56826691002	1.56826691002	1.56826691002	1.56826691002
1.56770501677	1.56770501677	1.56770501677	1.56770501677	1.56770501677	1.56770501677	1.56770501677
1.57233807299	1.57233807299	1.57233807299	1.57233807299	1.57233807299	1.57233807299	1.57233807299
1.56877886634	1.56877886634	1.56877886634	1.56877886634	1.56877886634	1.56877886634	1.56877886634
1.58220235347	1.58220235347	1.58220235347	1.58220235347	1.58220235347	1.58220235347	1.58220235347
1.5853526044	1.5853526044	1.5853526044	1.5853526044	1.5853526044	1.5853526044	1.5853526044
1.59191839997	1.59191839997	1.59191839997	1.59191839997	1.59191839997	1.59191839997	1.59191839997
1.59047181281	1.59047181281	1.59047181281	1.59047181281	1.59047181281	1.59047181281	1.59047181281
1.58937896407	1.58937896407	1.58937896407	1.58937896407	1.58937896407	1.58937896407	1.58937896407
1.58678156152	1.58678156152	1.58678156152	1.58678156152	1.58678156152	1.58678156152	1.58678156152
1.58237185866	1.58237185866	1.58237185866	1.58237185866	1.58237185866	1.58237185866	1.58237185866
1.57722236311	1.57722236311	1.57722236311	1.57722236311	1.57722236311	1.57722236311	1.57722236311
1.58045054086	1.58045054086	1.58045054086	1.58045054086	1.58045054086	1.58045054086	1.58045054086
1.58994483319	1.58994483319	1.58994483319	1.58994483319	1.58994483319	1.58994483319	1.58994483319
1.58946094323	1.58946094323	1.58946094323	1.58946094323	1.58946094323	1.58946094323	1.58946094323
1.57542249282	1.57542249282	1.57542249282	1.57542249282	1.57542249282	1.57542249282	1.57542249282
1.58034809402	1.58034809402	1.58034809402	1.58034809402	1.58034809402	1.58034809402	1.58034809402
1.58136377757	1.58136377757	1.58136377757	1.58136377757	1.58136377757	1.58136377757	1.58136377757
1.58276273611	1.58276273611	1.58276273611	1.58276273611	1.58276273611	1.58276273611	1.58276273611
1.56871339682	1.56871339682	1.56871339682	1.56871339682	1.56871339682	1.56871339682	1.56871339682
1.5649398463	1.5649398463	1.5649398463	1.5649398463	1.5649398463	1.5649398463	1.5649398463
1.56864228336	1.56864228336	1.56864228336	1.56864228336	1.56864228336	1.56864228336	1.56864228336
1.57091933429	1.57091933429	1.57091933429	1.57091933429	1.57091933429	1.57091933429	1.57091933429
1.57391598875	1.57391598875	1.57391598875	1.57391598875	1.57391598875	1.57391598875	1.57391598875
1.57538489756	1.57538489756	1.57538489756	1.57538489756	1.57538489756	1.57538489756	1.57538489756
1.57985963769	1.57985963769	1.57985963769	1.57985963769	1.57985963769	1.57985963769	1.57985963769
1.57570156103	1.57570156103	1.57570156103	1.57570156103	1.57570156103	1.57570156103	1.57570156103
1.56862390975	1.56862390975	1.56862390975	1.56862390975	1.56862390975	1.56862390975	1.56862390975
1.57551379913	1.57551379913	1.57551379913	1.57551379913	1.57551379913	1.57551379913	1.57551379913
1.56433651286	1.56433651286	1.56433651286	1.56433651286	1.56433651286	1.56433651286	1.56433651286
1.56497415876	1.56497415876	1.56497415876	1.56497415876	1.56497415876	1.56497415876	1.56497415876
1.57305064626	1.57305064626	1.57305064626	1.57305064626	1.57305064626	1.57305064626	1.57305064626
1.56737022063	1.56737022063	1.56737022063	1.56737022063	1.56737022063	1.56737022063	1.56737022063
1.5655614082	1.5655614082	1.5655614082	1.5655614082	1.5655614082	1.5655614082	1.5655614082
1.56425176524	1.56425176524	1.56425176524	1.56425176524	1.56425176524	1.56425176524	1.56425176524
1.56496644722	1.56496644722	1.56496644722	1.56496644722	1.56496644722	1.56496644722	1.56496644722
1.55860844517	1.55860844517	1.55860844517	1.55860844517	1.55860844517	1.55860844517	1.55860844517
1.56368597265	1.56368597265	1.56368597265	1.56368597265	1.56368597265	1.56368597265	1.56368597265
1.56577270593	1.56577270593	1.56577270593	1.56577270593	1.56577270593	1.56577270593	1.56577270593
1.57620284018	1.57620284018	1.57620284018	1.57620284018	1.57620284018	1.57620284018	1.57620284018
1.58178717451	1.58178717451	1.58178717451	1.58178717451	1.58178717451	1.58178717451	1.58178717451
1.57292228127	1.57292228127	1.57292228127	1.57292228127	1.57292228127	1.57292228127	1.57292228127
1.56852237566	1.56852237566	1.56852237566	1.56852237566	1.56852237566	1.56852237566	1.56852237566
1.57696050542	1.57696050542	1.57696050542	1.57696050542	1.57696050542	1.57696050542	1.57696050542
1.57010962895	1.57010962895	1.57010962895	1.57010962895	1.57010962895	1.57010962895	1.57010962895
1.57289160243	1.57289160243	1.57289160243	1.57289160243	1.57289160243	1.57289160243	1.57289160243
1.57402613795	1.57402613795	1.57402613795	1.57402613795	1.57402613795	1.57402613795	1.57402613795
1.57645408462	1.57645408462	1.57645408462	1.57645408462	1.57645408462	1.57645408462	1.57645408462
1.569873658	1.569873658	1.569873658	1.569873658	1.569873658	1.569873658	1.569873658
1.56750876089	1.56750876089	1.56750876089	1.56750876089	1.56750876089	1.56750876089	1.56750876089
1.56295650411	1.56295650411	1.56295650411	1.56295650411	1.56295650411	1.56295650411	1.56295650411
1.55115505089	1.55115505089	1.55115505089	1.55115505089	1.55115505089	1.55115505089	1.55115505089
1.5521562152	1.5521562152	1.5521562152	1.5521562152	1.5521562152	1.5521562152	1.5521562152
1.55910378401	1.55910378401	1.55910378401	1.55910378401	1.55910378401	1.55910378401	1.55910378401
1.55764815707	1.55764815707	1.55764815707	1.55764815707	1.55764815707	1.55764815707	1.55764815707
1.56398911535	1.56398911535	1.56398911535	1.56398911535	1.56398911535	1.56398911535	1.56398911535
1.56411102771	1.56411102771	1.56411102771	1.56411102771	1.56411102771	1.56411102771	1.56411102771
1.55824129811	1.55824129811	1.55824129811	1.55824129811	1.55824129811	1.55824129811	1.55824129811
1.57188799768	1.57188799768	1.57188799768	1.57188799768	1.57188799768	1.57188799768	1.57188799768
1.57685603447	1.57685603447	1.57685603447	1.57685603447	1.57685603447	1.57685603447	1.57685603447
1.57648654013	1.57648654013	1.57648654013	1.57648654013	1.57648654013	1.57648654013	1.57648654013
1.58562954255	1.58562954255	1.58562954255	1.58562954255	1.58562954255	1.58562954255	1.58562954255
1.57738826318	1.57738826318	1.57738826318	1.57738826318	1.57738826318	1.57738826318	1.57738826318
1.58673616273	1.58673616273	1.58673616273	1.58673616273	1.58673616273	1.58673616273	1.58673616273
1.58852131649	1.58852131649	1.58852131649	1.58852131649	1.58852131649	1.58852131649	1.58852131649
1.59368291469	1.59368291469	1.59368291469	1.59368291469	1.59368291469	1.59368291469	1.59368291469
1.59371021085	1.59371021085	1.59371021085	1.59371021085	1.59371021085	1.59371021085	1.59371021085
1.59557660857	1.59557660857	1.59557660857	1.59557660857	1.59557660857	1.59557660857	1.59557660857
1.59192989576	1.59192989576	1.59192989576	1.59192989576	1.59192989576	1.59192989576	1.59192989576
1.60017733319	1.60017733319	1.60017733319	1.60017733319	1.60017733319	1.60017733319	1.60017733319
1.60017043605	1.60017043605	1.60017043605	1.60017043605	1.60017043605	1.60017043605	1.60017043605
1.60192805792	1.60192805792	1.60192805792	1.60192805792	1.60192805792	1.60192805792	1.60192805792
1.59363854352	1.59363854352	1.59363854352	1.59363854352	1.59363854352	1.59363854352	1.59363854352
1.60116173282	1.60116173282	1.60116173282	1.60116173282	1.60116173282	1.60116173282	1.60116173282
1.60447849496	1.60447849496	1.60447849496	1.60447849496	1.60447849496	1.60447849496	1.60447849496
1.5977099492	1.5977099492	1.5977099492	1.5977099492	1.5977099492	1.5977099492	1.5977099492
1.59820976054	1.59820976054	1.59820976054	1.59820976054	1.59820976054	1.59820976054	1.59820976054
1.60580105183	1.60580105183	1.60580105183	1.60580105183	1.60580105183	1.60580105183	1.60580105183
1.60135508231	1.60135508231	1.60135508231	1.60135508231	1.60135508231	1.60135508231	1.60135508231
1.59716827793	1.59716827793	1.59716827793	1.59716827793	1.59716827793	1.59716827793	1.59716827793
1.5901894509	1.5901894509	1.5901894509	1.5901894509	1.5901894509	1.5901894509	1.5901894509
1.59162439038	1.59162439038	1.59162439038	1.59162439038	1.59162439038	1.59162439038	1.59162439038
1.59702703747	1.59702703747	1.59702703747	1.59702703747	1.59702703747	1.59702703747	1.59702703747
1.5947521864	1.5947521864	1.5947521864	1.5947521864	1.5947521864	1.5947521864	1.5947521864
1.58215357198	1.58215357198	1.58215357198	1.58215357198	1.58215357198	1.58215357198	1.58215357198
1.60377950932	1.60377950932	1.60377950932	1.60377950932	1.60377950932	1.60377950932	1.60377950932
1.60411452242	1.60411452242	1.60411452242	1.60411452242	1.60411452242	1.60411452242	1.60411452242
1.59456066618	1.59456066618	1.59456066618	1.59456066618	1.59456066618	1.59456066618	1.59456066618
1.59152112531	1.59152112531	1.59152112531	1.59152112531	1.59152112531	1.59152112531	1.59152112531
1.59057593247	1.59057593247	1.59057593247	1.59057593247	1.59057593247	1.59057593247	1.59057593247
1.59287285123	1.59287285123	1.59287285123	1.59287285123	1.59287285123	1.59287285123	1.59287285123
1.59623772782	1.59623772782	1.59623772782	1.59623772782	1.59623772782	1.59623772782	1.59623772782
1.60034160996	1.60034160996	1.60034160996	1.60034160996	1.60034160996	1.60034160996	1.60034160996
1.6085341532	1.6085341532	1.6085341532	1.6085341532	1.6085341532	1.6085341532	1.6085341532
1.61346071682	1.61346071682	1.61346071682	1.61346071682	1.61346071682	1.61346071682	1.61346071682
1.61705484495	1.61705484495	1.61705484495	1.61705484495	1.61705484495	1.61705484495	1.61705484495
1.61677600131	1.61677600131	1.61677600131	1.61677600131	1.61677600131	1.61677600131	1.61677600131
1.61250911917	1.61250911917	1.61250911917	1.61250911917	1.61250911917	1.61250911917	1.61250911917
1.59806114031	1.59806114031	1.59806114031	1.59806114031	1.59806114031	1.59806114031	1.59806114031
1.60013852242	1.60013852242	1.60013852242	1.60013852242	1.60013852242	1.60013852242	1.60013852242
1.59350021559	1.59350021559	1.59350021559	1.59350021559	1.59350021559	1.59350021559	1.59350021559
1.60873826846	1.60873826846	1.60873826846	1.60873826846	1.60873826846	1.60873826846	1.60873826846
1.60159440661	1.60159440661	1.60159440661	1.60159440661	1.60159440661	1.60159440661	1.60159440661
1.60488566352	1.60488566352	1.60488566352	1.60488566352	1.60488566352	1.60488566352	1.60488566352
1.61847467156	1.61847467156	1.61847467156	1.61847467156	1.61847467156	1.61847467156	1.61847467156
1.61571600399	1.61571600399	1.61571600399	1.61571600399	1.61571600399	1.61571600399	1.61571600399
1.61610054717	1.61610054717	1.61610054717	1.61610054717	1.61610054717	1.61610054717	1.61610054717
1.60366944067	1.60366944067	1.60366944067	1.60366944067	1.60366944067	1.60366944067	1.60366944067
1.61115405951	1.61115405951	1.61115405951	1.61115405951	1.61115405951	1.61115405951	1.61115405951
1.61326207667	1.61326207667	1.61326207667	1.61326207667	1.61326207667	1.61326207667	1.61326207667
1.61602012643	1.61602012643	1.61602012643	1.61602012643	1.61602012643	1.61602012643	1.61602012643
1.61409462959	1.61409462959	1.61409462959	1.61409462959	1.61409462959	1.61409462959	1.61409462959
1.6211714364	1.6211714364	1.6211714364	1.6211714364	1.6211714364	1.6211714364	1.6211714364
1.62284498492	1.62284498492	1.62284498492	1.62284498492	1.62284498492	1.62284498492	1.62284498492
1.60731774578	1.60731774578	1.60731774578	1.60731774578	1.60731774578	1.60731774578	1.60731774578
1.61264641257	1.61264641257	1.61264641257	1.61264641257	1.61264641257	1.61264641257	1.61264641257
1.61335357164	1.61335357164	1.61335357164	1.61335357164	1.61335357164	1.61335357164	1.61335357164
1.61253857844	1.61253857844	1.61253857844	1.61253857844	1.61253857844	1.61253857844	1.61253857844
1.61638357015	1.61638357015	1.61638357015	1.61638357015	1.61638357015	1.61638357015	1.61638357015
1.61461438841	1.61461438841	1.61461438841	1.61461438841	1.61461438841	1.61461438841	1.61461438841
1.6192270069	1.6192270069	1.6192270069	1.6192270069	1.6192270069	1.6192270069	1.6192270069
1.62752568125	1.62752568125	1.62752568125	1.62752568125	1.62752568125	1.62752568125	1.62752568125
1.6233618676	1.6233618676	1.6233618676	1.6233618676	1.6233618676	1.6233618676	1.6233618676
1.61746047084	1.61746047084	1.61746047084	1.61746047084	1.61746047084	1.61746047084	1.61746047084
1.62428615002	1.62428615002	1.62428615002	1.62428615002	1.62428615002	1.62428615002	1.62428615002
1.62072497526	1.62072497526	1.62072497526	1.62072497526	1.62072497526	1.62072497526	1.62072497526
1.61000053512	1.61000053512	1.61000053512	1.61000053512	1.61000053512	1.61000053512	1.61000053512
1.6100086548	1.6100086548	1.6100086548	1.6100086548	1.6100086548	1.6100086548	1.6100086548
1.61610244008	1.61610244008	1.61610244008	1.61610244008	1.61610244008	1.61610244008	1.61610244008
1.61857251254	1.61857251254	1.61857251254	1.61857251254	1.61857251254	1.61857251254	1.61857251254
1.62648173864	1.62648173864	1.62648173864	1.62648173864	1.62648173864	1.62648173864	1.62648173864
1.624164432	1.624164432	1.624164432	1.624164432	1.624164432	1.624164432	1.624164432
1.62638563128	1.62638563128	1.62638563128	1.62638563128	1.62638563128	1.62638563128	1.62638563128
1.61911340273	1.61911340273	1.61911340273	1.61911340273	1.61911340273	1.61911340273	1.61911340273
1.62373332596	1.62373332596	1.62373332596	1.62373332596	1.62373332596	1.62373332596	1.62373332596
1.61492338558	1.61492338558	1.61492338558	1.61492338558	1.61492338558	1.61492338558	1.61492338558
1.60997119377	1.60997119377	1.60997119377	1.60997119377	1.60997119377	1.60997119377	1.60997119377
1.61468222691	1.61468222691	1.61468222691	1.61468222691	1.61468222691	1.61468222691	1.61468222691
1.61369596083	1.61369596083	1.61369596083	1.61369596083	1.61369596083	1.61369596083	1.61369596083
1.61984387297	1.61984387297	1.61984387297	1.61984387297	1.61984387297	1.61984387297	1.61984387297
1.62076717773	1.62076717773	1.62076717773	1.62076717773	1.62076717773	1.62076717773	1.62076717773
1.63522572994	1.63522572994	1.63522572994	1.63522572994	1.63522572994	1.63522572994	1.63522572994
1.63288808852	1.63288808852	1.63288808852	1.63288808852	1.63288808852	1.63288808852	1.63288808852
1.64011546814	1.64011546814	1.64011546814	1.64011546814	1.64011546814	1.64011546814	1.64011546814
1.64442867982	1.64442867982	1.64442867982	1.64442867982	1.64442867982	1.64442867982	1.64442867982
1.63693275045	1.63693275045	1.63693275045	1.63693275045	1.63693275045	1.63693275045	1.63693275045
1.63281944341	1.63281944341	1.63281944341	1.63281944341	1.63281944341	1.63281944341	1.63281944341
1.63853914336	1.63853914336	1.63853914336	1.63853914336	1.63853914336	1.63853914336	1.63853914336
1.63362193276	1.63362193276	1.63362193276	1.63362193276	1.63362193276	1.63362193276	1.63362193276
1.63480138655	1.63480138655	1.63480138655	1.63480138655	1.63480138655	1.63480138655	1.63480138655
1.63087285754	1.63087285754	1.63087285754	1.63087285754	1.63087285754	1.63087285754	1.63087285754
1.62643554273	1.62643554273	1.62643554273	1.62643554273	1.62643554273	1.62643554273	1.62643554273
1.62855129338	1.62855129338	1.62855129338	1.62855129338	1.62855129338	1.62855129338	1.62855129338
1.61720284456	1.61720284456	1.61720284456	1.61720284456	1.61720284456	1.61720284456	1.61720284456
1.62247865131	1.62247865131	1.62247865131	1.62247865131	1.62247865131	1.62247865131	1.62247865131
1.60990382632	1.60990382632	1.60990382632	1.60990382632	1.60990382632	1.60990382632	1.60990382632
1.60890119238	1.60890119238	1.60890119238	1.60890119238	1.60890119238	1.60890119238	1.60890119238
1.60497188405	1.60497188405	1.60497188405	1.60497188405	1.60497188405	1.60497188405	1.60497188405
1.60355127467	1.60355127467	1.60355127467	1.60355127467	1.60355127467	1.60355127467	1.60355127467
1.60851807962	1.60851807962	1.60851807962	1.60851807962	1.60851807962	1.60851807962	1.60851807962
1.60503171166	1.60503171166	1.60503171166	1.60503171166	1.60503171166	1.60503171166	1.60503171166
1.59905667421	1.59905667421	1.59905667421	1.59905667421	1.59905667421	1.59905667421	1.59905667421
1.60974289468	1.60974289468	1.60974289468	1.60974289468	1.60974289468	1.60974289468	1.60974289468
1.60728501292	1.60728501292	1.60728501292	1.60728501292	1.60728501292	1.60728501292	1.60728501292
1.61161451771	1.61161451771	1.61161451771	1.61161451771	1.61161451771	1.61161451771	1.61161451771
1.61112328619	1.61112328619	1.61112328619	1.61112328619	1.61112328619	1.61112328619	1.61112328619
1.61014214553	1.61014214553	1.61014214553	1.61014214553	1.61014214553	1.61014214553	1.61014214553
1.61699338729	1.61699338729	1.61699338729	1.61699338729	1.61699338729	1.61699338729	1.61699338729
1.61888594651	1.61888594651	1.61888594651	1.61888594651	1.61888594651	1.61888594651	1.61888594651
1.61209003206	1.61209003206	1.61209003206	1.61209003206	1.61209003206	1.61209003206	1.61209003206
1.61232411401	1.61232411401	1.61232411401	1.61232411401	1.61232411401	1.61232411401	1.61232411401
1.61292370707	1.61292370707	1.61292370707	1.61292370707	1.61292370707	1.61292370707	1.61292370707
1.60790610265	1.60790610265	1.60790610265	1.60790610265	1.60790610265	1.60790610265	1.60790610265
1.59690825725	1.59690825725	1.59690825725	1.59690825725	1.59690825725	1.59690825725	1.59690825725
1.59259770197	1.59259770197	1.59259770197	1.59259770197	1.59259770197	1.59259770197	1.59259770197
1.58936829308	1.58936829308	1.58936829308	1.58936829308	1.58936829308	1.58936829308	1.58936829308
1.58831889221	1.58831889221	1.58831889221	1.58831889221	1.58831889221	1.58831889221	1.58831889221
1.59341984526	1.59341984526	1.59341984526	1.59341984526	1.59341984526	1.59341984526	1.59341984526
1.60213804541	1.60213804541	1.60213804541	1.60213804541	1.60213804541	1.60213804541	1.60213804541
1.60414435494	1.60414435494	1.60414435494	1.60414435494	1.60414435494	1.60414435494	1.60414435494
1.60602618765	1.60602618765	1.60602618765	1.60602618765	1.60602618765	1.60602618765	1.60602618765
1.61171913363	1.61171913363	1.61171913363	1.61171913363	1.61171913363	1.61171913363	1.61171913363
1.60713621739	1.60713621739	1.60713621739	1.60713621739	1.60713621739	1.60713621739	1.60713621739
1.61530811073	1.61530811073	1.61530811073	1.61530811073	1.61530811073	1.61530811073	1.61530811073
1.62107147371	1.62107147371	1.62107147371	1.62107147371	1.62107147371	1.62107147371	1.62107147371
1.6199052294	1.6199052294	1.6199052294	1.6199052294	1.6199052294	1.6199052294	1.6199052294
1.62243673998	1.62243673998	1.62243673998	1.62243673998	1.62243673998	1.62243673998	1.62243673998
1.6217117215	1.6217117215	1.6217117215	1.6217117215	1.6217117215	1.6217117215	1.6217117215
1.62161614695	1.62161614695	1.62161614695	1.62161614695	1.62161614695	1.62161614695	1.62161614695
1.62268954462	1.62268954462	1.62268954462	1.62268954462	1.62268954462	1.62268954462	1.62268954462
1.62637578234	1.62637578234	1.62637578234	1.62637578234	1.62637578234	1.62637578234	1.62637578234
1.61809613438	1.61809613438	1.61809613438	1.61809613438	1.61809613438	1.61809613438	1.61809613438
1.6214585695	1.6214585695	1.6214585695	1.6214585695	1.6214585695	1.6214585695	1.6214585695
1.61406186643	1.61406186643	1.61406186643	1.61406186643	1.61406186643	1.61406186643	1.61406186643
1.6124210673	1.6124210673	1.6124210673	1.6124210673	1.6124210673	1.6124210673	1.6124210673
1.60986822744	1.60986822744	1.60986822744	1.60986822744	1.60986822744	1.60986822744	1.60986822744
1.61231347235	1.61231347235	1.61231347235	1.61231347235	1.61231347235	1.61231347235	1.61231347235
1.61377095439	1.61377095439	1.61377095439	1.61377095439	1.61377095439	1.61377095439	1.61377095439
1.61863239284	1.61863239284	1.61863239284	1.61863239284	1.61863239284	1.61863239284	1.61863239284
1.6181833306	1.6181833306	1.6181833306	1.6181833306	1.6181833306	1.6181833306	1.6181833306
1.61419119716	1.61419119716	1.61419119716	1.61419119716	1.61419119716	1.61419119716	1.61419119716
1.6154822293	1.6154822293	1.6154822293	1.6154822293	1.6154822293	1.6154822293	1.6154822293
1.62348378849	1.62348378849	1.62348378849	1.62348378849	1.62348378849	1.62348378849	1.62348378849
1.6271895097	1.6271895097	1.6271895097	1.6271895097	1.6271895097	1.6271895097	1.6271895097
1.61708037786	1.61708037786	1.61708037786	1.61708037786	1.61708037786	1.61708037786	1.61708037786
1.62167415432	1.62167415432	1.62167415432	1.62167415432	1.62167415432	1.62167415432	1.62167415432